Description,Sample ID,CY Number,Brand,Store Name,Store City,Store State,Packer/Distributor Name,Packer/Distributor City,Packer/Distributor State,COO,Purchase Date,UPC,Lot #,Organic,Package Size,Ship Date to VT,Grade,Ingredients
"Yogurt, plain, nonfat",27F-30-01,CY124QU,Friendly Farms,Aldi,Elkridge,MD,Aldi,Batavia,IL,,1/18/2023,099100 206852,23:48 Y7 NL4,,32 oz,1/23/2023,,"cultured pasteurized grade A nonfat milk, modified corn starch, kosher gelatin"
"Yogurt, plain, nonfat",27F-30-02,CY124QV,Harris Teeter,Harris Teeter,Ellicott City,MD,"Harris Teeter, LLC",Matthews,NC,,1/19/2023,72036 72479,A37 087 21:11,,32 oz,1/23/2023,,"cultured pasteurized nonfat milk, nonfat dry milk, modified corn starch, carrageenan, pectin, vitamins A & D3 added"
"Yogurt, plain, nonfat",27F-30-03,CY124QW,Stonyfield,MOM's Organic Market,Jessup,MD,"Stonyfield Farm, Inc.",Londonderry,NH,,1/18/2023,52159 00006,03:49 33-14,Yes,32 oz,1/23/2023,,"cultured pasteurized organic nonfat milk, pectin, vitamin D3"
"Yogurt, plain, nonfat",27F-30-04,CY124QX,Lidl,Lidl,Columbia,MD,"Lidl US, LLC",Arlington,VA,,1/19/2023,056489 087182,F 14:14,,32 oz,1/23/2023,,"cultured pasteurized grade A nonfat milk, nonfat milk solids"
"Yogurt, plain, nonfat",27F-30-01,CY124QY,Great Value,Walmart,Ellicott City,MD,Walmart Inc.,Bentonville,AR,,1/19/2023,78742 22921,23:42 PLT 39-135 M6,,32 oz,1/23/2023,,"cultured grade A nonfat milk, pectin"
"Yogurt, plain, nonfat",27F-30-01,CY124QZ,Dannon,Giant,Ellicott City,MD,"Danone US, LLC.",White Plains,NY,,1/19/2023,36632 00251,PLT 48-1217 FG 16:02,,32 oz,1/23/2023,,"cultured grade A non fat milk, food starch"
"Yogurt, plain, nonfat",27F-30-01,CY124R0,Lucerne,Safeway,Ellicott City,MD,"Lucerne Foods, Inc.",Pleasanton,CA,,1/19/2023,21130 07397,F 23:28,,32 oz,1/23/2023,,"cultured pasteurized grade A nonfat milk, nonfat milk solids"
"Yogurt, plain, nonfat",27F-30-01,CY124R1,Nancy's,Earthfare,Christiansburg,VA,Springfield Creamery,Eugene,OR,,1/27/2023,43192 10400,22 339 12:52:38,Yes,32 oz,,,"organic pasteurized nonfat milk, live yogurt cultures"
"Cheese, monterey jack, solid",27F-31-01,CY124R2,Good & Gather,Target,Columbia,MD,Target Corporation,Minneapolis,MN,,1/18/2023,85239 03900,H 336 46-10 LTH 1551,,8 oz,1/23/2023,,"pasteurized milk, cheese cultures, salt, enzymes (microbial)"
"Cheese, monterey jack, solid",27F-31-02,CY124R3,Wegmans,Wegmans,Columbia,MD,"Wegmans Food Markets, Inc.",Rochester,NY,,1/18/2023,77890 83570,S1187 H 349 46-08 RB 0640,,8 oz,1/23/2023,,"pasteurized milk, cheese culture, salt, enzymes (microbial)"
"Cheese, monterey jack, solid",27F-31-03,CY124R4,Kroger,Kroger,Blacksburg,VA,The Kroger Co.,Cincinnati,OH,,1/26/2023,11110 58624,177 23:17  13,,8 oz,,,"pasteurized milk, cheese culture, salt, enzymes"
"Cheese, monterey jack, solid",27F-31-04,CY124R5,Happy Farms,Aldi,Elkridge,MD,Aldi,Batavia,IL,,1/18/2023,099100 121193,H 345 10-05 AJW 1459,,8 oz,1/23/2023,,"pasteurized milk, cheese culture, salt, microbial enzymes"
"Cheese, monterey jack, solid",27F-31-05,CY124R6,Lucerne,Safeway,Ellicott City,MD,"Lucerne Foods, Inc.",Pleasanton,CA,,1/19/2023,21130 04395,S1340P 357 225 XT 22:01,,16 oz,1/23/2023,,"cultured pasteurized milk, salt, enzymes"
"Cheese, monterey jack, solid",27F-31-06,CY124R7,Lidl,Lidl,Columbia,MD,"Lidl US, LLC",Arlington,VA,,1/19/2023,2073 3841,315 45-34 FN 0723,,8 oz,1/23/2023,,"pasteurized milk, cheese culture, salt, enzymes"
"Cheese, monterey jack, solid",27F-31-07,CY124R8,Cabot,Giant,Ellicott City,MD,Cabot Creamery Co-operative,"Cabot,",VT,,1/19/2023,78354 70218,L10052 17:54,,8 oz,1/23/2023,,"fresh pasteurized milk, cheese cultures, salt, enzymes"
"Cheese, monterey jack, solid",27F-31-08,CY124R9,Giant,Giant,Ellicott City,MD,"Foodhold U.S.A., LLC",Landover,MD,,1/19/2023,88267 01312,S1187 H 2 46-09 RM 0654,,16 oz,1/23/2023,,"pasteurized milk, cheese culture, salt, enzymes"
"American pasteurized process cheese food and cheese product, sliced, invidvidually wrapped",27F-32-01,CY124RA,Cabot,Wegmans,Columbia,MD,Cabot Creamery Co-operative,Cabot,VT,,1/18/2023,78354 50577,20:09 195 L08 SL S1188,,12 oz (16 slices),1/23/2023,,"American cheese (milk, cheese culture, salt, enzymes), water, cream, whey, sodium citrate, tricalcium phosphate, salt, sorbic acid, lactic acid, color added"
"American pasteurized process cheese food and cheese product, sliced, invidvidually wrapped",27F-32-02,CY124RB,Wegmans,Wegmans,Columbia,MD,"Wegmans Food Markets, Inc.",Rochester,NY,,1/18/2023,77890 35087,03:33 341 L06 ML S1188,,16 oz (24 slices),1/23/2023,,"American cheese (milk, cheese culture, salt, enzymes), water, cream, whey, sodium citrate, tricalcium phosphate, salt, sorbic acid, lactic acid, annatto, oleoresin of paprika"
"American pasteurized process cheese food and cheese product, sliced, invidvidually wrapped",27F-32-03,CY124RC,Happy Farms,Aldi,Elkridge,MD,Aldi,Batavia,IL,,1/18/2023,099100 121322,362 JE 02:53 L05 S1188,,12 oz (16 slices),1/23/2023,,"American cheese (milk, cheese culture, salt, enzymes), water, milk protein concentrate, whey, cream, tricalcium phosphate, modified food starch, sodium citrate, salt, lactic acid, sorbic acid, citric acid, color added, vitamin D3"
"American pasteurized process cheese food and cheese product, sliced, invidvidually wrapped",27F-32-04,CY124RD,Horizon ,Whole Foods,Columbia,MD,"Danone US, LLC",Broomfield,CO,,1/19/2023,42365 60710,17  MAR 2023L001 49-44 22:35,Yes,8 oz (12 slices),1/23/2023,,"cultured pasteurized organic milk, organic nonfat milk, organic milk fat, sodium citrate, salt, calcium phosphate, organic annatto, citric acid, microbial enzymes (non-animal, rennetless)"
"American pasteurized process cheese food and cheese product, sliced, invidvidually wrapped",27F-32-05,CY124RE,Great Value,Walmart,Ellicott City,MD,Walmart Inc.,Bentonville,AR,,1/19/2023,78742 35325,L06 348 MF 07:37 S1188,,16 oz (24 slices),1/23/2023,,"American cheese (milk, cheese culture, salt, enzymes), water, milk protein concentrate, whey, cream, tricalcium phosphate, modified food starch, sodium citrate, salt, lactic acid, sorbic acid, citric acid, color added, natural flavors, vitamin D3"
"American pasteurized process cheese food and cheese product, sliced, invidvidually wrapped",27F-32-06,CY124RF,Giant,Giant,Ellicott Cit,MD,"Foodhold U.S.A., LLC",Landover,MD,,1/19/2023,88267 07405,1188 0151 350 L22 ST,,48 oz (72 slices),1/23/2023,,"American cheese (milk, cheese culture, salt, enzymes), water, cream, whey, sodium citrate, tricalcium phosphate, salt, sorbic acid, lactic acid, color added"
"American pasteurized process cheese food and cheese product, sliced, invidvidually wrapped",27F-32-07,CY124RG,Lucerne,Safeway,Ellicott City,MD,"Lucerne Foods, Inc.",Pleasanton,CA,,1/19/2023,21130 04333,S1188 314 10:34 L07 MT,,12 oz (16 slices),1/23/2023,,"American cheese (milk, cheese culture, salt, enzymes), water, milk protein concentrate, whey, cream, tricalcium phosphate, modified food starch, sodium citrate, contains less than 2% of salt, lactic acid, sorbic acid, citric acid, color added, natural flavors, vitamin D3, soy lecithin "
"American pasteurized process cheese food and cheese product, sliced, invidvidually wrapped",27F-32-08,CY124RH,Kraft,Kroger,Blacksburg,VA,Kraft Heinz Foods Company,Chicago,IL,,1/30/2023,21000 60464,S 70 15:01,,12 oz (16 slices),,,"cheddar cheese (cultured milk, salt, enzymes), skim milk, milkfat, milk protein concentrate, whey, calcium phoshate, sodium phosphate, contains less than 2% of modified food starch, salt, lactic acid, milk, annatto and paprika extract, natamycin, enzymes, cheese culture, vitamin D3"
"Cheese, provolone, sliced",27F-33-01,CY124RI,Good & Gather,Target,Columbia,MD,Target Corporation,Minneapolis,MN,,1/18/2023,85239 03879,H 4 05- 08 RW 1230,,8 oz (12 slices),01/30/23,,"pasteurized milk, cheese cultures, salt, enzymes (microbial)"
"Cheese, provolone, sliced",27F-33-02,CY124RJ,Trader Joe's,Trader Joe's,Elkridge,MD,Trader Joe's,Monrovia,CA,,1/18/2023,0079 6811,07:29 L1 LM,,12 oz,01/30/23,,"pasteurized milk, cheese cultures, salt, animal rennet"
"Cheese, provolone, sliced",27F-33-03,CY124RK,Lidl,Lidl,Columbia,MD,"Lidl US, LLC",Arlington,VA,,1/19/2023,2073 3988,S1187 H 343 44- 35 MB 1743,,8 oz (12 slices),01/30/23,,"pasteurized milk, cheese culture, salt, enzymes"
"Cheese, provolone, sliced",27F-33-04,CY124RL,Giant,Giant,Ellicott City,MD,"Foodhold U.S.A., LLC",Landover,MD,,1/19/2023,88267 07449,S1187 H 4 05-11 CMR1917,,8 oz (10 slices),01/30/23,,"pasteurized milk, cheese culture, salt, enzymes"
"Cheese, provolone, sliced",27F-33-05,CY124RM,Lucerne,Safeway,Ellicott City,MD,"Lucerne Foods, Inc.",Pleasanton,CA,,1/19/2023,21130 04519,S5781 1S4Ck 10:11,,8 oz (12 slices),01/30/23,,"provolone cheese (cultured pasteurized milk, salt, enzymes)"
"Cheese, provolone, sliced",27F-33-06,CY124RN,Weis,Weis,Woodstock,MD,"Weis Markets, Inc.",Sunbury,PA,,1/19/2023,41497 08457,S1187 H 329 44-06 JL 2103,,8 oz (10 slices),01/30/23,,"pasteurized milk, cheese culture, salt, enzyme"
"Cheese, provolone, sliced",27F-33-07,CY124RO,Harris Teeter,Harris Teeter,Ellicott City,MD,"Harris Teeter, LLC",Matthews,NC,,1/19/2023,72036 55017,2S4Az15:32,,8 oz (12 slices),01/30/23,,"provolone cheese (cultured pasteurized milk, salt, enzymes, natural smoke flavor)"
"Cheese, provolone, sliced",27F-33-08,CY124RP,Kroger,Kroger,Blacksburg,VA,The Kroger Co.,Cincinnati,OH,,1/30/2023,11110 50534,177 16:16 22,,12 oz (16 slices),,,"pasteurized milk, cheese culture, salt, enzymes, calcium chloride, natural smoke flavoring"
"Cheese, oaxaca, solid",27F-34-01,CY124RQ,Roth,Wegmans,Columbia,MD,"Emmi Roth USA, Inc.",Monroe,WI,,1/19/2023,36547 01341,,,16 oz,01/30/23,,"cultured pasteurized part-skim milk, salt, enzymes"
"Cheese, oaxaca, solid",27F-34-02,CY124RR,365,Whole Foods,Columbia,MD,Whole Foods Market,Austin,TX,,1/19/2023,99482 49152,E01,,8 oz,01/30/23,,"pasteurized part-skim milk, salt, citric acid, lactic acid, micorbial enzymes"
"Cheese, oaxaca, solid",27F-34-03,CY124RS,Guadulupe,Hmart,Ellicott City,MD,"TQF, LLC",Alexandria,VA,,1/19/2023,90237 00115,,,14 oz,01/30/23,,"pasteurized milk, vinegar, enzymes, salt"
"Cheese, oaxaca, solid",27F-34-04,CY124RT,La Morenita,Walmart,Ellicott City,MD,La Morenita Brands,Monroe,WI,,1/19/2023,72820 27452,,,8 oz,01/30/23,,"pasteurized part skim milk, citric acid, lactic acid, salt, enzymes"
"Cheese, oaxaca, solid",27F-34-05,CY124RU,Cacique,Sprouts,Ellicott City,MD,Cacique Foods LLC,Monrovia,CA,USA,1/19/2023,74562 00115,L4 PB0015834 21:26,,10 oz,01/30/23,,"cultured pasteurized grade A milk and skim milk, sea salt, enzymes"
"Cheese, oaxaca, solid",27F-34-06,CY124RV,Rio Lindo,Camarena's Mexican Store,Christiansburg,VA,JRA Food Dist. Inc.,Baltimore,MD,,1/31/2023,56750 71863,A009,,14 oz,,,"pasteurized milk, vinegar, titanium dioxide, enzymes, salt, nonfat dry milk powder, whey, rennet casein, corn starch, sodium citrate, mono and diglyceride, potassium sorbate, soy oil and palm oil"
"Cheese, oaxaca, solid",27F-34-07,CY124RW,El Mexicano,Camarena's Mexican Store,Christiansburg,VA,"Marquez Brothers International, Inc.",San Jose,CA,,1/31/2023,42743 01305,JAJ A04 06:28,,10 oz,,,"cultured pasteurized part skim grade A milk, sea salt, and enzymes"
"Cheese, oaxaca, solid",27F-34-08,CY124RX,Ole,Walmart,Bluefield,VA,"Ole Mexican Foods, Inc.",Norcross,GA,,2/10/2023,27331 00609,V1 012 47193 08:09,,12 oz,,,"cultured pasteurized part-skim milk, salt, enzymes"
"Cheese, fresco, solid",27F-35-01,CY124RY,Cacique,Target,Columbia,MD,Cacique Foods LLC,Monrovia,CA,,1/18/2023,74562 40110,PB0025091 L-1 19:19,,10 oz,01/30/23,,"cultured pasteurized grade A milk and skim milk, sea salt, enzymes"
"Cheese, fresco, solid",27F-35-02,CY124RZ,Rizo Bros,Harris Teeter,Ellicott City,MD,"Rizo Lopez Foods, Inc.",Modesto,CA,,1/19/2023,27242 00159,3AW-22366 06:46,,8 oz,01/30/23,,"pasteurized grade A milk, sea salt, enzymes"
"Cheese, fresco, solid",27F-35-03,CY124S0,Pueblo Lindo,Aldi,Elkridge,MD,Aldi,Batavia,IL,,1/19/2023,4099100 123364,14501,,10 oz,01/30/23,,"pasteurized whole milk, rennet, salt"
"Cheese, fresco, solid",27F-35-04,CY124S1,Queseria Caribe,Costco,Elkridge,MD,Wisconsin Cheese Group,Monroe,WI,,1/18/2023,72820 17133,V10 T2-17,,32 oz,01/30/23,,"cultured pasteurized milk, salt, enzymes"
"Cheese, fresco, solid",27F-35-05,CY124S2,Nuestro Queso,MOM's,Jessup,MD,Nuestra Cocina,Elk Grove Village,IL,,1/18/2023,14633 01117,327 B2V2,,10 oz,01/30/23,,"grade A pasteurized milk, salt, enzymes"
"Cheese, fresco, solid",27F-35-06,CY124S3,365,Whole Foods,Columbia,MD,Whole Foods Market,Austin,TX,,1/19/2023,99482 49151,V14 T5-52,,8 oz,01/30/23,,"cultured pasteurized milk, salt, microbial enzymes"
"Cheese, fresco, solid",27F-35-07,CY124S4,Lidl,Lidl,Columbia,MD,"Lidl US, LLC",Arlington,VA,,1/19/2023,2026 5953,V05 T4-35,,10 oz,01/30/23,,"cultured pasteurized milk, salt, enzymes, "
"Cheese, fresco, solid",27F-35-08,CY124S5,La Morenita,Walmart,Ellicott City,MD,La Morenita Brands,Monroe,WI,,1/19/2023,72820 33156,V15 T6 45,,2.2. lb,01/30/23,,"cultured pasteurized whole milk, salt, enzymes"
"Cheese, cotija, solid",27F-36-01,CY124S6,Cacique,Target,Columbia,MD,Cacique Foods LLC,Monrovia,CA,USA,1/18/2023,74562 00110,PB0022555 L-1 23:28,,10 oz,01/30/23,,"cultured pasteurized grade A milk and skim milk, sea salt, enzymes"
"Cheese, cotija, solid",27F-36-02,CY124S7,Roth,Wegmans,Columbia,MD,"Emmi Roth USA, Inc.",Monroe,WI,,1/18/2023,077504 00504,,,0.42 lb,01/30/23,,"cultured pasteurized milk, salt, enzymes"
"Cheese, cotija, solid",27F-36-03,CY124S8,Nuestro Queso,MOM's,Jessup,MD,Nuestra Cocina,Elk Grove Village,IL,,1/18/2023,14633 01961,255 B10V2,,8 oz,01/30/23,,"pasteurized milk, salt, cheese cultures, enzymes"
"Cheese, cotija, solid",27F-36-04,CY124S9,Rizo Bros,Harris Teeter,Ellicott City,MD,"Rizo Lopez Foods, Inc.",Modesto,CA,,1/19/2023,27242 00043,3DY-22323,,8 oz,01/30/23,,"pasteurized grade A milk, salt, enzymes, cultures"
"Cheese, cotija, solid",27F-36-05,CY124SA,Queso Campesino,Kroger ,Blacksburg,VA,"Colorado Ranchers, Inc.",Denver,CO,,1/30/2023,44404 13716,140 03,,12 oz,,,"pasteurized whole milk, cheese culture, salt, enzymes"
"Cheese, cotija, solid",27F-36-07,CY124SC,El Mexicano,MexGrocer.com,,,"Marquez Brothers International, Inc. ",San Jose,CA,,1/31/2023,42743 01310,CFA G02 13:08,,10 oz,,,"cultured pasteurized part skim grade A milk, sea salt, and enzymes"
"Cheese, cotija, solid",27F-36-08,CY124SD,Los Altos,MexGrocer.com,,,Los Altos Foods,City of Industry,CA,,1/31/2023,91155 14351,,,12 oz,,,"pasteurized part-skim milk, salt, enzymes, cultures, potassium sorbate and natamycin"
"Beans, cannellini, dry",27F-37-01,CY124U9,Bob's Red Mill,Earth Fare,Christiansburg,VA,"Bob's Red Mill Natural Foods, Inc.",Milwaukie,OR,,5/1/2023,39978 11446,22-322-WHQ-10 08:38     19 11 2022,No,24 oz,,,cannellini beans
"Beans, cannellini, dry",27F-37-02,CY124UA,Goya,Wegmans,Columbia,MD,"Goya Foods, Inc.",Jersey City,NJ,USA,5/15/2023,41331 02488,C 22322 4 10:12,No,16 oz,5/22/2023,,cannellini
"Beans, cannellini, dry",27F-37-03,CY124UB,Camellia,Amazon.com,,,"L.H. Hayward & Co., L.L.C.",New Orleans,LA,,5/17/2023,71054 00018,9:54,No,1 lb,,,
"Beans, cannellini, dry",27F-37-04,CY124UC,TooGood Botanics,Amazon.com,,,Toogood Botanics Co.,Richmond Hill,Canada,USA,5/17/2023,X002MD8YO3,CW101162 ,Yes,1.5 lb,,,organic cannellini beans
"Beans, cannellini, dry",27F-37-05,CY124UD,Hunza Natural Foods,Amazon.com,,,Hunza Natural Foods,Merrill,WI,,5/17/2023,X002FCIQ67,004-25-US-20135,Yes,2 lb,,,
"Beans, cannellini, dry",27F-37-06,CY124UE,Nuts.com,Nuts.com,,,Nuts.com,Cranford,NJ,Turkey,5/16/2023,,7539-0101198 M nj p122686253 ,Yes,1 lb,,,organic white cannellini beans
"Beans, cannellini, dry",27F-37-07,CY124UF,Agronature,SupermarketItaly.com,,,Agrover,Lignana,Italy,,5/16/2023,030467 000925,L. 02/2025,No,500 g,,,cannellini beans
"Beans, cannellini, dry",27F-37-08,CY124UG,Eastern Feast,Amazon.com,,,"Commerce International, Inc.",Orlando,FL,Argentina,5/25/2023,X002WF6MXB,,No,1 lb,,,
"Chickpeas, (garbanzo beans, bengal gram), dry",27F-38-01,CY124UH,Kroger,Kroger ,Blacksburg,VA,The Kroger Co.,Cincinnati,OH,,5/1/2023,11110 89689,20:11 PSB,No,1 lb,,,garbanzo beans
"Chickpeas, (garbanzo beans, bengal gram), dry",27F-38-02,CY124UI,Goya,Kroger ,Blacksburg,VA,Goya Foods Inc.,Jersey City,NJ,USA,5/1/2023,41331 02478,K 062 23 L2 12:37,No,1 lb,,,chick peas
"Chickpeas, (garbanzo beans, bengal gram), dry",27F-38-03,CY124UJ,Deep,Oasis World Market,Blacksburg,VA,"Chetak New York, L.L.C.",Edison,NJ,India,5/1/2023,11433 11336,BY22206,No,2 lb,,,chickpeas
"Chickpeas, (garbanzo beans, bengal gram), dry",27F-38-04,CY124UK,Laxmi,Oasis World Market,Blacksburg,VA,House of Spices (India) Inc.,New Hyde Park,NY,Canada,5/1/2023,23246 18117,23045-N301-031,No,2 lb,,,chickpeas
"Chickpeas, (garbanzo beans, bengal gram), dry",27F-38-05,CY124UL,Bansi,Oasis World Market,Blacksburg,VA,"Chetak New York, L.L.C.",Edison,NJ,Canada,5/1/2023,11433 15106,22358,No,4 lb,,,kabuli chickpeas
"Chickpeas, (garbanzo beans, bengal gram), dry",27F-38-06,CY124UM,Arrowhead Mills,Earth Fare,Christiansburg,VA,Hometown Food Company,Chicago,IL,,5/1/2023,74333 47654,3 008 501 16 16:36,Yes,1 lb,,,organic chickpeas
"Chickpeas, (garbanzo beans, bengal gram), dry",27F-38-07,CY124UN,Verde Valle,Camarena's Mexican Store,Christiansburg,VA,"Verde Valle Foods, Inc.",Dallas,TX,Mexico,5/1/2023,81624 00680,L2045G1A 15:45,No,1 lb,,,chickpea/garbanzo
"Chickpeas, (garbanzo beans, bengal gram), dry",27F-38-08,CY124UO,Camelia,Food Lion ,Blacksburg,VA,"L.H. Hayward & Co., L.L.C.",New Orleans,LA,USA,5/1/2023,71054 00015,10:27,No,1 lb,,,garbanzos (chick peas)
"lentils, brown, dry",27F-39-01,CY124UP,Kroger,Kroger ,Blacksburg,VA,The Kroger Co.,Cincinnati,OH,,5/1/2023,11110 89654,10:51 PSB,No,1 lb,,,lentils
"Lentils, dry",27F-39-02,CY124UQ,Great Value,Walmart,Christiansburg,VA,"Wal-Mart Stores, Inc.",Bentonville,AR,,5/1/2023,78742 12331,,No,4 lb,,,lentils
"Lentils, brown, dry",27F-39-03,CY124UR,Bob's Red Mill,Earthfare,Christiansburg,VA,"Bob's Red Mill Natural Foods, Inc.",Milwaukie,OR,,5/1/2023,39778 11425,22-344-WHQ-10 19:52,No,27 oz,,,lentils
"Lentils, dry",27F-39-04,CY124US,Good & Gather,Target,Christiansburg,VA,Target Corporation,Minneapolis,MN,,5/1/2023,85239 05303,,No,1 lb,,,lentils
"Lentils, dry",27F-39-05,CY124UT,Verde Valle,Camarena's Mexican Store,Christiansburg,VA,"Verde Valle Foods, Inc.",Dallas,TX,Canada,5/1/2023,81624 00679,L2049G1B,No,1 lb,,,lentils
"Lentils, dry",27F-39-06,CY124UU,Camellia,Food Lion ,Blacksburg,VA,"L.H. Hayward & Co., L.L.C.",New Orleans,LA,USA,5/1/2023,71054 00014,10:55,No,1 lb,,,
"Lentils, dry",27F-39-07,CY124UV,Food Lion,Food Lion ,Blacksburg,VA,"Food Lion, LLC",Salisbury,NC,USA,5/1/2023,35826 10306,E,No,1 lb,,,lentils
"Lentils, dry",27F-39-08,CY124UW,Food Club,Food City ,Wytheville,VA,Topco Associates LLC,Elk Grove Village,IL,,5/12/2023,36800 71114,14:31,No,1 lb,,,lentils
"Blackeye pea, dry",27F-40-01,CY124UX,Kroger,Kroger ,Blacksburg,VA,The Kroger Co.,Cincinnati,OH,,5/1/2023,11110 89585,21:34,No,1 lb,,,blackeye peas
"Blackeye pea, dry",27F-40-02,CY124UY,Long Life Nature,Oasis World Market,Blacksburg,VA,Tristar Food Wholesale Co Inc.,Jersey City,NJ,China,5/1/2023,937218 917834,,No,2 lb,,,black eyes beans
"Blackeye pea, dry",27F-40-03,CY124UZ,Loty,Global Grocery (Food Market),Blacksburg,VA,International Wholesalers Corp.,"Washington, D.C.","Washington, D.C.",USA,5/1/2023,15878 02275,H1 13222,No,1 lb,,,black eye peas
"Blackeye pea, dry",27F-40-04,CY124V0,Great Value,Walmart,Christiansburg,VA,Walmart Inc.,Bentonville,AR,,5/1/2023,78742 36466,,No,1 lb,,,black eyed peas
"Blackeye pea, dry",27F-40-05,CY124V1,Camellia,Food Lion ,Blacksburg,VA,"L.H. Hayward & Co., L.L.C.",New Orleans,LA,USA,5/1/2023,71054 00003,16:23,No,1 lb,,,
"Blackeye pea, dry",27F-40-06,CY124V2,Food Lion,Food Lion ,Blacksburg,VA,"Food Lion, LLC","Salisbury,",NC,USA,5/1/2023,35826 10294,E,No,1 lb,,,blackeye peas
"Blackeye pea, dry",27F-40-07,CY124V3,Food Club,Food City ,Wytheville,VA,Topco Associates LLC,Elk Grove Village,IL,,5/12/2023,36800 64115,L,No,1 lb,,,blackeye peas
"Blackeye pea, dry",27F-40-08,CY124V4,Goya,Wegmans,Columbia,MD,"Goya Foods, Inc.",Jersey City,NJ,USA,5/15/2023,41331 02474,C 22292 6 10:58,No,1 lb,5/22/2023,,blackeye peas
"Beans, black, canned, sodium added, drained and rinsed",27F-41-01,CY124V5,Kroger,Kroger ,Blacksburg,VA,The Kroger Co.,Cincinnati,OH,,5/3/2023,11110 72567,KBLKD QBR B55A21 D0423,No,15.25 oz,,,"prepared black beans, water, salt"
"Beans, black, canned, sodium added, drained and rinsed",27F-41-02,CY124V6,La Preferida,Kroger ,Blacksburg,VA,"La Preferida, Inc.",Chicago,IL,USA,5/3/2023,71524 01767,11B1 250 24222 250 FF,No,15 oz,,,"prepared black beans, water, salt"
"Beans, black, canned, sodium added, drained and rinsed",27F-41-03,CY124V7,Bush's,Walmart,Christiansburg,VA,Bush Brothers & Company,Knoxville,TN,,5/3/2023,39400 01880,1122118 J 3203 HR,No,15 oz,,,"prepared black beans, water, salt"
"Beans, black, canned, sodium added, drained and rinsed",27F-41-04,CY124V8,Hanover,Walmart,Christiansburg,VA,Hanover Foods Corporation,Hanover,PA,,5/3/2023,28800 16205,33087 HBT9 OU,No,15.5 oz,,,"prepared black beans, water, salt"
"Beans, black, canned, sodium added, drained and rinsed",27F-41-05,CY124V9,Great Value,Walmart,Christiansburg,VA,"Wal-Mart Stores, Inc.",Bentonville,AR,,5/4/2023,78742 07576,KBLKD QBR H54A29 A1723,No,15.25 oz,,,"prepared black beans, water, salt"
"Beans, black, canned, sodium added, drained and rinsed",27F-41-06,CY124VA,Great Value,Walmart,Christiansburg,VA,Walmart Inc.,Bentonville,AR,,5/4/2023,78742 13158,OBL3D RKF F59A33 D2822,Yes,15 oz,,,"water, organic black beans, sea salt, calcium chloride"
"Beans, black, canned, sodium added, drained and rinsed",27F-41-07,CY124VB,Goya,Food Lion ,Blacksburg,VA,"Goya Foods, Inc.",Jersey City,NJ,,6/7/2023,41331 02465,3T2465,No,29 oz,,,"black beans, water, and salt"
"Beans, black, canned, sodium added, drained and rinsed",27F-41-08,CY124VC,Good & Gather,Target,Christiansburg,VA,Target Corporation,Minneapolis,MN,,5/3/2023,85239 09553,K2H21 0026 1BKBE,No,15.5 oz,,,"prepared black beans, water salt, calcium chloride"
"Beans, navy, canned, sodium added, drained and rinsed",27F-42-01,CY124VD,Bush's,Walmart,Christiansburg,VA,Bush Brothers & Company,Knoxville,TN,,5/3/2023,39400 01774,1120552 C YA N302,No,16 oz,,,"prepared navy beans, water, salt, calcium chloride"
"Beans, navy, canned, sodium added, drained and rinsed",27F-42-02,CY124VE,Great Value,Walmart,Christiansburg,VA,"Wal-Mart Stores, Inc.",Bentonville,AR,,5/3/2023,78742 00224,KPNAD DEY J45A27 A2523,No,15.5 oz ,,,"prepared white beans, water, salt, disodium EDTA"
"Beans, navy, canned, sodium added, drained and rinsed",27F-42-03,CY124VF,Food Lion,Food Lion ,Blacksburg,VA,"Food Lion, LLC",Salisbury,NC,,5/7/2023,35826 10555,L2H20 4BNBA-K,No,15.5 oz ,,,"prepared navy beans, water, salt, calcium chloride"
"Beans, navy, canned, sodium added, drained and rinsed",27F-42-04,CY124VG,Margaret Holmes,Food City ,Wytheville,VA,McCall Farms,Effingham,SC,USA,5/12/2023,41443 11073,NABN2 1 C10BX 22 061 05,No,15 oz,,,"prepared navy beans, water, salt, calcium chloride, disodium EDTA"
"Beans, navy, canned, sodium added, drained and rinsed",27F-42-05,CY124VH,Food Club,Food City ,Wytheville,VA,Topco Associates LLC,Elk Grove Village,IL,,5/12/2023,36800 44413,KPNAD DEY D51A27 A2523,No,15.5 oz ,,,"prepared white beans, water, salt, disodium EDTA"
"Beans, navy, canned, sodium added, drained and rinsed",27F-42-06,CY124VI,Goya,Wegmans,Columbia,MD,"Goya Foods, Inc.",Jersey City,NJ,,5/15/2023,41331 12458,NNAB 1 11:50,No,15.5 oz ,5/22/2023,,"navy beans, water, salt, calcium chloride"
"Beans, navy, canned, sodium added, drained and rinsed",27F-42-07,CY124VJ,Harris Teeter,Harris Teeter,Ellicott City,MD,"Harris Teeter, LLC",Matthews,NC,,5/15/2023,72036 41113,KPNAD DEY M24A26 A0323,No,15.5 oz ,5/22/2023,,"prepared white beans, water, salt, disodium EDTA"
"Beans, navy, canned, sodium added, drained and rinsed",27F-42-08,CY124VK,365 Whole Foods Market,Whole Foods,Columbia,MD,Whole Foods Market,Austin,TX,USA,5/15/2023,99482 45277,28422 982 FF 0749,Yes,15.5 oz ,5/22/2023,,"organic prepared navy beans, water, sea salt"
"Beans, cannellini, canned, sodium added, drained and rinsed",27F-43-01,CY124VL,Bush's,Walmart,Christiansburg,VA,Bush Brothers & Company,Knoxville,TN,,5/3/2023,39400 01870,1121598 A 2073 MQ,No,15.5 oz,,,"prepared cannellini beans (white kidney beans), water, salt, calcium chloride, calcium disodium EDTA"
"Beans, cannellini, canned, sodium added, drained and rinsed",27F-43-02,CY124VM,Great Value,Walmart,Christiansburg,VA,"Wal-Mart Stores, Inc.",Bentonville,AR,,5/3/2023,78742 00225,KCAND EDB N05A27 K1522,No,15.5 oz,,,"prepared cannellini beans, water, salt, calcium chloride, disodium EDTA"
"Beans, cannellini, canned, sodium added, drained and rinsed",27F-43-03,CY124VN,Kroger,Kroger ,Blacksburg,VA,The Kroger Co.,Cincinnati,OH,,5/3/2023,11110 81701,KCAND EDB S57A37 A2723,No,15.5 oz,,,"prepared cannellini beans, water, salt, calcium chloride, disodium EDTA"
"Beans, cannellini, canned, sodium added, drained and rinsed",27F-43-04,CY124VO,Food Lion,Food Lion ,Blacksburg,VA,"Food Lion, LLC",Salisbury,NC,,5/7/2023,35826 08087,KCAND EDB U05A37 A3123,No,15.5 oz,,,"prepared cannellini beans, water, salt, calcium chloride, disodium EDTA"
"Beans, cannellini, canned, sodium added, drained and rinsed",27F-43-05,CY124VP,Dakota's Pride,Aldi,Christiansburg,VA,Aldi,Batavia,IL,,5/8/2023,099100 060409,C3H02 1040 1WKBA-K,No,15.5 oz,,,"prepared cannellini beans, water, salt, calcium chloride, disodium EDTA"
"Beans, cannellini, canned, sodium added, drained and rinsed",27F-43-06,CY124VQ,Wild Harvest,Earthfare,Christiansburg,VA,Supervalu Inc.,Eden Prairie,MN,,5/8/2023,11535 50566,E2H31 10CNB-K,Yes,15 oz,,,"prepared organic cannellini beans, water, sea salt"
"Beans, cannellini, canned, sodium added, drained and rinsed",27F-43-07,CY124VR,Furmano's,US Foods,Manassas,VA,Furmano Foods,Northumberland,PA,,4/28/2023,41188 04344,FDKW E22333,No,108 oz,5/16/2023,,"white kidney beans, water, salt, calcium chloride, disodium EDTA"
"Beans, cannellini, canned, sodium added, drained and rinsed",27F-43-08,CY124VS,Food Club,Food City ,Wytheville,VA,Topco Associates LLC,Elk Grove Village,IL,,5/12/2023,36800 38302,KCAND EDB D04A27 C1822,No,15.5 oz,,,"prepared cannellini beans, water, salt, calcium chloride, disodium EDTA"
"Chickpeas (garbanzo beans, bengal gram), canned, sodium added, drained and rinsed",27F-44-01,CY124VT,Food Club,Grants,Bland,VA,Topco Associates LLC,Elk Grove Village,IL,,4/23/2023,36800 44411,32117HCP29OU,No,15.5 oz,,,"prepared chick peas, water, salt, disodium EDTA"
"Chickpeas (garbanzo beans, bengal gram), canned, sodium added, drained and rinsed",27F-44-02,CY124VU,Goya,Kroger ,Blacksburg,VA,Goya Foods Inc.,Jersey City,NJ,,5/3/2023,41331 12422,NCPM 1,No,15.5 oz,,,"chick peas, water, salt, disodium EDTA"
"Chickpeas (garbanzo beans, bengal gram), canned, sodium added, drained and rinsed",27F-44-03,CY124VV,La Preferida,Kroger ,Blacksburg,VA,"La Preferida, Inc.",Chicago,IL,USA,5/3/2023,71524 01848,GARB LP 2349,No,15 oz,,,"chick peas, water, salt, disodium EDTA"
"Chickpeas (garbanzo beans, bengal gram), canned, sodium added, drained and rinsed",27F-44-04,CY124VW,Bush's ,Food Lion ,Blacksburg,VA,Bush Brothers & Company,Knoxville,TN,USA,6/13/2023,39400 01700,1122714 C BT 4263,No,16 oz,,,"prepared chick peas, water, salt, calcium chloride, disodium EDTA"
"Chickpeas (garbanzo beans, bengal gram), canned, sodium added, drained and rinsed",27F-44-05,CY124VX,Hanover,Walmart,Christiansburg,VA,Hanover Foods Corporation,Hanover,PA,,5/3/2023,28800 15901,33031 HCPS OU,No,15.5 oz,,,"prepared chick peas, water, salt, disodium EDTA"
"Chickpeas (garbanzo beans, bengal gram), canned, sodium added, drained and rinsed",27F-44-06,CY124VY,Good & Gather,Target,Christiansburg,VA,Target Corporation,Minneapolis,MN,,5/3/2023,85239 09556,C3H22 2NZOA-K,No,15.5 oz,,,"prepared garbanzo beans, water, salt"
"Chickpeas (garbanzo beans, bengal gram), canned, sodium added, drained and rinsed",27F-44-07,CY124VZ,Food Lion,Food Lion ,Blacksburg,VA,"Food Lion, LLC",Salisbury,NC,,5/7/2023,35826 08526,KGLGD RUA K06A37 C1323,No,15.5 oz,,,"prepared chick peas, water, salt, calcium chloride, disodium EDTA"
"Chickpeas (garbanzo beans, bengal gram), canned, sodium added, drained and rinsed",27F-44-08,CY124W0,Monarch,US Foods,Manassas,VA,"US Foods, Inc.",Rosemont,IL,USA,4/28/2023,58108 01037,FDCPE2 023026,No,6 lb 14 oz,5/16/2023,,"cooked dried chick peas, water, salt, disodium EDTA"
"Beans, kidney, dark red, canned, sodium added, sugar added, drained and rinsed",27F-45-01,CY124W1,Food Club,Grants,Bland,VA,Topco Associates LLC,Elk Grove Village,IL,,4/23/2023,36800 44426,53016 HDK7 OU,No,15.5 oz,,,"prepared kidney beans, water, sugar, salt, calcium chloride, disodium EDTA"
"Beans, kidney, dark red, canned, sodium added, sugar added, drained and rinsed",27F-45-02,CY124W2,Kroger,Kroger ,Blacksburg,VA,The Kroger Co.,Cincinnati,OH,,5/3/2023,11110 71787,KDB2D PBG C35A27 C0723,No,15.5 oz,,,"prepared kidney beans, water, sugar, salt, calcium chloride, disodium EDTA"
"Beans, kidney, dark red, canned, sodium added, sugar added, drained and rinsed",27F-45-03,CY124W3,Bush's,Walmart,Christiansburg,VA,Bush Brothers & Company,Knoxville,TN,USA,5/3/2023,39400 01734,1121605 A RY 2093 ,No,16 oz,,,"prepared dark red kidney beans, water, sugar, salt, dextrose, calcium chloride, disodium EDTA"
"Beans, kidney, dark red, canned, sodium added, sugar added, drained and rinsed",27F-45-04,CY124W4,Great Value,Walmart,Christiansburg,VA,"Wal-Mart Stores, Inc.",Bentonville,AR,,5/3/2023,78742 37085,KDB2D PBG Q32A37 B1023,No,15.5 oz,,,"prepared kidney beans, water, sugar, salt, calcium chloride, disodium EDTA"
"Beans, kidney, dark red, canned, sodium added, sugar added, drained and rinsed",27F-45-05,CY124W5,Food Lion,Food Lion ,Blacksburg,VA,"Food Lion, LLC",Salisbury,NC,,5/7/2023,35826 08284,22347 NDK7LS OU,No,40 oz,,,"prepared kidney beans, water, sugar, salt, calcium chloride, disodium EDTA"
"Beans, kidney, dark red, canned, sodium added, sugar added, drained and rinsed",27F-45-06,CY124W6,Dakota's Pride,Aldi,Christiansburg,VA,Aldi,Batavia,IL,,5/8/2023,4099100290912,KDB2D PBG Q55A37 A1023,No,15.5 oz,,,"prepared kidney beans, water, sugar, salt, calcium chloride, disodium EDTA"
"Beans, kidney, dark red, canned, sodium added, sugar added, drained and rinsed",27F-45-07,CY124W7,Goya,Wegmans,Columbia,MD,"Goya Foods, Inc.",Jersey City,NJ,,5/15/2023,41331 12435,NORKN 1 08:51,No,15.5 oz,5/22/2023,,"kidney beans, water, sugar, salt, calcium chloride, disodium EDTA"
"Beans, kidney, dark red, canned, sodium added, sugar added, drained and rinsed",27F-45-08,CY124W8,Signature Select,Safeway,Ellicott City,MD,Better Living Brands LLC,Pleasanton,NC,,5/15/2023,21130 34100,KDB2D PBG B33A26 B0923,No,15 oz,5/22/2023,,"prepared dark red kidney beans, water, sugar, salt, calcium chloride, disodium EDTA"
"Beans, kidney, light red, canned, sodium added, sugar added, drained and rinsed",27F-46-01,CY124W9,Food Club,Grants,Bland,VA,Topco Associates LLC,Elk Grove Village,IL,,4/23/2023,36800 44407,3016 HLK7 OU,No,15.5 oz,,,"prepared kidney beans, water, sugar, salt, calcium chloride, disodium EDTA"
"Beans, kidney, light red, canned, sodium added, sugar added, drained and rinsed",27F-46-02,CY124WA,That's Smart,Grants,Narrows,VA,Topco Associates LLC,Elk Grove Village,IL,,6/19/2023,93476 00165,KLB2D YBG A46A26 A2623,No,15.5 oz,,,"prepared kidney beans, water sugar, salt, calcium chloride, disodium EDTA"
"Beans, kidney, light red, canned, sodium added, sugar added, drained and rinsed",27F-46-03,CY124WB,Kroger,Kroger ,Blacksburg,VA,The Kroger Co.,Cincinnati,OH,,5/3/2023,11110 71786,KLB2D YBG U51A26 H0222,No,15.5 oz,,,"prepared kidney beans, water, sugar, salt, calcium chloride, disodium EDTA"
"Beans, kidney, light red, canned, sodium added, sugar added, drained and rinsed",27F-46-04,CY124WC,Great Value,Walmart,Christiansburg,VA,"Wal-Mart Stores, Inc.",Bentonville,AR,,5/3/2023,78742 11055,KLB2D YBG F08A37 H0222,No,15.5 oz,,,"prepared kidney beans, water, sugar, salt, calcium chloride, disodium EDTA"
"Beans, kidney, light red, canned, sodium added, sugar added, drained and rinsed",27F-46-05,CY124WD,Bush's,Walmart,Christiansburg,VA,Bush Brothers & Company,Knoxville,TN,,5/3/2023,39400 01747,1121279 A CU 1193,No,16 oz,,,"prepared red kidney beans, water, sugar, salt, dextrose, calcium chloride, disodium EDTA"
"Beans, kidney, light red, canned, sodium added, sugar added, drained and rinsed",27F-46-06,CY124WE,Food Lion,Food Lion ,Blacksburg,VA,"Food Lion, LLC",Salisbury,NC,,5/7/2023,35826 08285,32305 HLK7LS OU,No,40 oz,,,"prepared kidney beans, water, sugar, salt, calcium chloride, disodium EDTA"
"Beans, kidney, light red, canned, sodium added, sugar added, drained and rinsed",27F-46-07,CY124WF,Luck's,Food Lion,Blacksburg,VA,"Faribault Foods, Inc.",Faribault,MN,,5/8/2023,84395 06111,11B1 L11 32122 5211 FF,No,15 oz,,,"prepared light red kidney beans, water, sugar, salt, calcium chloride, calcium disodium EDTA"
"Beans, kidney, light red, canned, sodium added, sugar added, drained and rinsed",27F-46-08,CY124WG,Signature Select,Safeway,Ellicott City,MD,Better Living Brands LLC,Pleasanton,NC,,5/15/2023,21130 40509,KLB2D YBG A28A37 A2623,No,15 oz,5/22/2023,,"prepared light red kidney beans, water, sugar, salt, calcium chloride, disodium EDTA"
"Peas, green, sweet, canned, sodium added, sugar added, drained and rinsed",27F-47-01,CY124WH,Food Club,Grants,Bland,VA,Topco Associates LLC,Elk Grove Village,IL,,4/23/2023,36800 56514,G2BE072E 4241,No,15 oz,,,"peas, water, sugar, salt"
"Peas, green, sweet, canned, sodium added, sugar added, drained and rinsed",27F-47-02,CY124WI,That's Smart,Grants,Bland,VA,Topco Associates LLC,Elk Grove Village,IL,,4/23/2023,93476 00158,G2BE301E 4241,No,15 oz,,,"peas, water, sugar, salt"
"Peas, green, sweet, canned, sodium added, sugar added, drained and rinsed",27F-47-03,CY124WJ,Kroger,Kroger ,Blacksburg,VA,The Kroger Co.,Cincinnati,OH,,5/3/2023,11110 81211,PLTA 001 AK 6292 016 EC,No,15 oz,,,"green peas, water, sugar, salt"
"Peas, green, sweet, canned, sodium added, sugar added, drained and rinsed",27F-47-04,CY124WK,Great Value,Walmart,Christiansburg,VA,Walmart Inc.,Bentonville,AR,,5/3/2023,78742 11068,OWCB 001 AJ 7132 016 PC,No,15 oz,,,"sweet peas, water, sugar, salt"
"Peas, green, sweet, canned, sodium added, sugar added, drained and rinsed",27F-47-05,CY124WL,Del Monte,Walmart,Christiansburg,VA,Del Monte Foods,Walnut Creek,CA,USA,5/3/2023,24000 16308,801335 KDT 2193CW 5,No,15 oz,,,"peas, water, sugar, sea salt"
"Peas, green, sweet, canned, sodium added, sugar added, drained and rinsed",27F-47-06,CY124WM,Food Lion,Food Lion ,Blacksburg,VA,"Food Lion, LLC",Salisbury,NC,,5/7/2023,35826 09898,F2PU2920 5986,No,15 oz,,,"peas, water, sugar, salt"
"Peas, green, sweet, canned, sodium added, sugar added, drained and rinsed",27F-47-07,CY124WN,Cha Ching,Food Lion ,Blacksburg,VA,"DZA Brands, LLC",Salisbury,NC,,5/7/2023,25439 30028,82EC0920 4241,No,15 oz,,,"peas, water, sugar, salt"
"Peas, green, sweet, canned, sodium added, sugar added, drained and rinsed",27F-47-08,CY124WO,Nature's Promise ,Food Lion ,Blacksburg,VA,"Foodhold U.S.A., LLC",Landover,MD,,5/7/2023,88267 52836,G1PU132A 5983,Yes,15 oz,,,"organic peas, water, organic sugar, sea salt"
"Beans, pinto, canned, sodium added, drained and rinsed",27F-48-01,CY124WP,IGA,Grants,Bland,VA,"IGA, Inc",Chicago,IL,,4/23/2023,41270 87602,42363 HPO9NE OU,No,15.5 oz,,,"prepared pinto beans, water, salt, calcium chloride, calcium disodium EDTA"
"Beans, pinto, canned, sodium added, drained and rinsed",27F-48-02,CY124WQ,Kroger,Kroger ,Blacksburg,VA,The Kroger Co.,Cincinnati,OH,,5/3/2023,11110 72565,KPNTO KDP F00A26 A2023,No,15.5 oz,,,"prepared pinto beans, water, salt, calcium chloride, calcium disodium EDTA"
"Beans, pinto, canned, sodium added, drained and rinsed",27F-48-03,CY124WR,Bush's,Food Lion ,Blacksburg,VA,Bush Brothers & Company,Knoxville,TN,,5/7/2023,39400 01817,1118551 A 7122 ZC,No,53 oz,,,"prepared pinto beans, water, salt, calcium chloride, calcium disodium EDTA"
"Beans, pinto, canned, sodium added, drained and rinsed",27F-48-04,CY124WS,Hanover,Walmart,Christiansburg,VA,Hanover Foods Corporation,Hanover,PA,,5/3/2023,28800 15701,13051 HP09NE OU,No,15.5 oz,,,"prepared pinto beans, water, salt and calcium chloride, calcium disodium EDTA"
"Beans, pinto, canned, sodium added, drained and rinsed",27F-48-05,CY124WT,Great Value,Walmart,Christiansburg,VA,Walmart Inc. ,Bentonville,AR,,5/3/2023,78742 13162,OPIND PRT 137A37 H0822,Yes,15 oz,,,"water, organic pinto beans, sea salt, calcium chloride"
"Beans, pinto, canned, sodium added, drained and rinsed",27F-48-06,CY124WU,Goya,Food Lion ,Blacksburg,VA,"Goya Foods, Inc.",Jersey City,NJ,,5/7/2023,41331 02442,3T2442,No,29 oz,,,"pinto beans, water, salt, calcium chloride, calcium disodium EDTA"
"Beans, pinto, canned, sodium added, drained and rinsed",27F-48-07,CY124WV,Dakota's Pride,Aldi,Christiansburg,VA,Aldi,Batavia,IL,,5/8/2023,4 099100 126570,22B2 201 06323 201 FF,No,30 oz,,,"prepared pinto beans, water, salt, calcium chloride, calcium disodium EDTA"
"Beans, pinto, canned, sodium added, drained and rinsed",27F-48-08,CY124WW,Simply Nature,Aldi,Christiansburg,VA,Aldi,Batavia,IL,,5/8/2023,4 061464 364622,B3H23 10PTC-K,Yes,15 oz,,,"prepared organic pinto beans, water, sea salt, "
"Blackeye pea, canned, sodium added, drained and rinsed",27F-49-01,CY124WX,IGA,Grants,Bland,VA,"IGA, Inc",Chicago,IL,,4/23/2023,41270 88736,21321 HBP9 OU ,No,15.5 oz,,,"prepared blackeyed peas, water, salt, calcium disodium EDTA"
"Blackeye pea, canned, sodium added, drained and rinsed",27F-49-02,CY124WY,Great Value,Walmart,Christiansburg,VA,Walmart Inc.,Bentonville,AR,,5/3/2023,05388 18833,BLPE2 1 C020X 23 074,No,15.5 oz,,,"black eyed peas, water, salt, disodium EDTA"
"Blackeye pea, canned, sodium added, drained and rinsed",27F-49-03,CY124WZ,Kroger,Kroger ,Blacksburg,VA,The Kroger Co.,Cincinnati,OH,,5/8/2023,11110 71785,KPEAD KTD U27A37 L0122 PERU,No,15.5 oz,,,"prepared blackeyed peas, water, salt, calcium chloride, disodium EDTA"
"Blackeye pea, canned, sodium added, drained and rinsed",27F-49-04,CY124X0,Dakota's Pride,Aldi,Christiansburg,VA,Aldi,Batavia,IL,,5/8/2023,4 099100 078312,KPEAD KTD D48A37 A1823 PERU,No,15.5 oz,,,"prepared blackeyed peas, water, salt, calcium chloride, disodium EDTA"
"Blackeye pea, canned, sodium added, drained and rinsed",27F-49-05,CY124X1,Food Lion,Food Lion,Blacksburg,VA,"Food Lion, LLC",Salisbury,NC,,5/8/2023,35826 02871,KPEAD KTD B46A37 L0122 PERU,No,15.5 oz,,,"prepared blackeyed peas, water, salt, calcium chloride, disodium EDTA"
"Blackeye pea, canned, sodium added, drained and rinsed",27F-49-06,CY124X2,Bush's,Food Lion,Blacksburg,VA,Bush Brothers & Company,Knoxville,TN,,5/8/2023,39400 01368,1119226 A 8302 LQ,No,15.8 oz,,,"prepared blackeye peas, water, salt, disodium EDTA"
"Blackeye pea, canned, sodium added, drained and rinsed",27F-49-07,CY124X3,Lidl,Lidl,Columbia,MD,"Lidl US, LLC",Arlington,VA,,5/15/2023,056489 312031,FDBEL C23017,No,15.5 oz,5/22/2023,,"blackeye peas, water, salt, calcium chloride, disodium EDTA"
"Blackeye pea, canned, sodium added, drained and rinsed",27F-49-08,CY124X4,Hanover,Weis,Woodstock,MD,Hanover Foods Corporation,Hanover,PA,,5/15/2023,28800 15801,11:53 23030 HBP9 OU,No,15.5 oz,5/22/2023,,"prepared blackeye peas, water, salt, disodium EDTA"
"Beans, great northern, canned, sodium added, drained and rinsed",27F-50-01,CY124X5,IGA,Grants,Bland,VA,"IGA, Inc",Chicago,IL,,4/23/2023,41270 87556,42344 HGN9 OU ,No,15.5 oz,,,"prepared great northern beans, water, salt, calcium chloride, disodium EDTA"
"Beans, great northern, canned, sodium added, drained and rinsed",27F-50-02,CY124X6,Kroger,Kroger ,Blacksburg,VA,The Kroger Co.,Cincinnati,OH,,5/3/2023,11110 71789,KGNPD TAQ D17A37 A3023,No,15.5 oz,,,"prepared white beans, water, salt, calcium chloride, disodium EDTA"
"Beans, great northern, canned, sodium added, drained and rinsed",27F-50-03,CY124X7,Hanover,Walmart,Christiansburg,VA,Hanover Foods Corporation,Hanover,PA,,5/3/2023,28800 16301,73009 HGN9 OU,No,15.5 oz,,,"prepared great northern beans, water, salt, calcium chloride"
"Beans, great northern, canned, sodium added, drained and rinsed",27F-50-04,CY124X8,Bush's,Walmart,Christiansburg,VA,Bush Brothers & Company,Knoxville,TN,,5/3/2023,39400 01782,1121039 A 1033 DP,No,15.8 oz,,,"prepared great northern beans, water, salt, calcium chloride"
"Beans, great northern, canned, sodium added, drained and rinsed",27F-50-05,CY124X9,Great Value,Walmart,Christiansburg,VA,"Wal-Mart Stores, Inc.",Bentonville,AR,,5/4/2023,78742 11418,KGNPD TAQ B42A37 A2523,No,15.5 oz,,,"prepared white beans, water, salt, calcium chloride, disodium EDTA"
"Beans, great northern, canned, sodium added, drained and rinsed",27F-50-06,CY124XA,Food Lion,Food Lion ,Blacksburg,VA,"Food Lion, LLC",Salisbury,NC,,5/7/2023,35826 07662,KGNPD TAQ F23A27 K2222,No,15.5 oz,,,"prepared white beans, water, salt, calcium chloride, disodium EDTA"
"Beans, great northern, canned, sodium added, drained and rinsed",27F-50-07,CY124XB,Dakota's Pride,Aldi,Christiansburg,VA,Aldi,Batavia,IL,,5/8/2023,4 099100 078091,11A1 220 00523 220 FF,No,15.5 oz,,,"prepared great northern beans, water, salt, calcium chloride"
"Beans, great northern, canned, sodium added, drained and rinsed",27F-50-08,CY124XC,Field Day,Earthfare,Christiansburg,VA,Unfi,Providence,RI,,5/8/2023,42563 60574,L2H12 10GNB-K,Yes,15 oz,,,"prepared organic great northern beans, water, sea salt"
"Pork, loin, boneless, raw",27F-50-01,CY124SE,Kroger,Kroger,Blacksburg,VA,The Kroger Co.,Cincinnati,OH,,3/1/2023,03224 50990,,,3.31 lb,N/A,,pork
"Pork, loin, boneless, raw",27F-50-02,CY124SF,Nature's Promise,Food Lion,Blacksburg,VA,"ADUSA Distribution, LLC","Salisbury, NC",NC,USA,3/6/2023,209102 307769,,,1.81 lb,N/A,,pork
"Pork, loin, boneless, raw",27F-50-03,CY124SG,Food City,Food City,Wytheville,VA,Food City,"Abingdon, VA",VA,,3/17/2023,,,,2.52 lb,N/A,,none
"Pork, loin, boneless, raw",27F-50-04,CY124SH,Smithfield,Walmart,Christiansburg,VA,Smithfield Fresh Meats Corp.,"Smithfield, VA",VA,USA,3/13/2023,02203 20978,,,3.02 lb,N/A,,none
"Pork, loin, boneless, raw",27F-50-05,CY124SI,Signature Farms,Safeway,Greenbelt,MD,Safeway,"Pleasanton, CA",CA,,3/27/2023,203321 910090,,,2.53 lb,3/27/2023,,none
"Pork, loin, boneless, raw",27F-50-06,CY124SJ,The Farmstead Butcher,MOM's Organic Market,College Park,MD,The Farmstead Butcher,"Gettysburg, PA",PA,,3/27/2023,040356 011990,,,1.5 lb,3/27/2023,,none
"Pork, loin, boneless, raw",27F-50-07,CY124SK,Giant,Giant,Greenbelt,MD,"Foodhold U.S.A., LLC",Landover,MD,,3/27/2023,204740 512636,,,2.3 lb,3/27/2023,,none
"Pork, loin, boneless, raw",27F-50-08,CY124SL,Niman Ranch,Harris Teeter,Ellicott City,MD,"Harris Teeter, LLC","Matthews, NC",NC,USA,3/26/2023,03227 81538,,,2.2 lb,3/27/2023,,none
"Pork, loin, tenderloin, boneless, raw",27F-51-01,CY124SM,Kroger,Kroger,Blacksburg,VA,The Kroger Co.,"Cincinnati, OH",OH,,3/1/2023,03358 01322,,,2.65 lb,N/A,,pork
"Pork, loin, tenderloin, boneless, raw",27F-51-02,CY124SN,Smithfield,Walmart,Christiansburg,VA,Smithfield Fresh Meats Corp.,"Smithfield, VA",VA,USA,3/13/2023,02304 30732,,,1.68 lb,N/A,,none
"Pork, loin, tenderloin, boneless, raw",27F-51-03,CY124SO,Food City,Food City,Wytheville,VA,"Tyson Fresh Meats, Inc.","Dakota Dunes, SD",SD,,3/17/2023,203236 914619,,,2.09 lb,N/A,,none
"Pork, loin, tenderloin, boneless, raw",27F-51-04,CY124SP,Aldi,Aldi,Christiansburg,VA,Aldi Inc.,"Batavia, IL",IL,USA,3/26/2023,52638 80974,,,2.57 lb,N/A,,none
"Pork, loin, tenderloin, boneless, raw",27F-51-05,CY124SQ,Shoppers,Shoppers,College Park,MD,UNFI,"Providence, RI",RI,USA,3/27/2023,213358 711386,,,2.28 lb,3/27/2023,,none
"Pork, loin, tenderloin, boneless, raw",27F-51-06,CY124SR,Niman Ranch,Harris Teeter ,Ellicott City,MD,"Harris Teeter, LLC","Matthews, NC",NC,,3/26/2023,00115 21702,,,1.31 lb,3/27/2023,,none
"Pork, loin, tenderloin, boneless, raw",27F-51-07,CY124SS,Whole Foods,Whole Foods,Columbia,MD,"Whole Foods Market, Inc.","Austin, TX",TX,,4/10/2023,,,,2.07 lb,4/11/2023,,none
"Pork, loin, tenderloin, boneless, raw",27F-51-08,CY124ST,Lidl,Lidl,Columbia,MD,Ava Inc,"Hicksville, NY ",NY,USA,4/10/2023,217563 009229,,,2.31 lb,4/11/2023,,none
"Chicken, breast, boneless, skinless, raw",27F-52-01,CY124SU,Simple Truth Organic,Kroger,Blacksburg,VA,The Kroger Co.,"Cincinnati, OH",OH,USA,2/27/2023,290829 011152,,Yes,1.24 lb,N/A,A,none
"Chicken, breast, boneless, skinless, raw",27F-52-02,CY124SV,Farmer Focus,Kroger,Blacksburg,VA,Shenandoah Valley Organic,"Harrisonburg, VA",VA,USA,3/1/2023,50961 01175,,Yes,1.47 lb,N/A,A,none
"Chicken, breast, boneless, skinless, raw",27F-52-03,CY124SW,Perdue,Kroger,Blacksburg,VA,Perdue,"Salisbury, MD",MD,USA,3/1/2023,250749 007123,,,1.66 lb,N/A,A,none
"Chicken, breast, boneless, skinless, raw",27F-52-04,CY124SX,Nature's Promise,Food Lion,Blacksburg,VA,Springer Mountain Farms,"Baldwin, GA",GA,USA,3/6/2023,212976 509832,,,1.97 lb,N/A,A,none
"Chicken, breast, boneless, skinless, raw",27F-52-05,CY124SY,Simple Truth,Kroger,Blacksburg,VA,The Kroger Co.,"Cincinnati, OH",OH,,3/9/2023,240615 510253,,,1.58 lb,N/A,A,boneless skinless chicken breasts
"Chicken, breast, boneless, skinless, raw",27F-52-06,CY124SZ,Walmart,Walmart,Christiansburg,VA,"Walmart, Inc.","Bentonville, AR",AR,USA,3/13/2023,61638 110015,,,3.37 lb,N/A,A,boneless skinless chicken breast with rib meat
"Chicken, breast, boneless, skinless, raw",27F-52-07,CY124T0,Tyson,Food City,Wytheville,VA,"Tyson Sales and Distribution, Inc.","Springdale, AR",AR,USA,3/17/2023,,,,1.80 lb,N/A,A,none
"Chicken, breast, boneless, skinless, raw",27F-52-08,CY124T1,Springer Mountain Farms,Earth Fare,Christiansburg,VA,Springer Mountain Farms,"Baldwin, GA",GA,USA,4/3/2023,504761 01053,,,2.11 lb,N/A,A,none
"Chicken, thigh, boneless, skinless, raw",27F-53-01,CY124T2,Simple Truth Organic,Kroger,Blacksburg,VA,The Kroger Co.,"Cincinnati, OH",OH,USA,2/27/2023,200958 508041,,Yes,1.15 lb,N/A,A,none
"Chicken, thigh, boneless, skinless, raw",27F-53-02,CY124T3,Just Bare,Kroger,Blacksburg,VA,Pilgrim's Pride Corp.,"Greeley, CO",CO,USA,03/01/23,24105 59205,,,1.25 lb,N/A,A,chicken thigh meat
"Chicken, thigh, boneless, skinless, raw",27F-53-03,CY124T4,Perdue Harvestland,Food LIon,Blacksburg,VA,Perdue,"Salisbury, MD",MD,USA,03/06/23,,,Yes,1.46 lb,N/A,A,none
"Chicken, thigh, boneless, skinless, raw",27F-53-04,CY124T5,Perdue,Kroger,Blacksburg,VA,Perdue,"Salisbury, MD",MD,USA,03/09/23,250865 006420,,,1.61 lb,N/A,A,none
"Chicken, thigh, boneless, skinless, raw",27F-53-05,CY124T6,Walmart,Walmart,Christiansburg,VA,Walmart Inc.,"Bentonville, AR",AR,USA,3/13/2023,261635 811076,,,3.18 lb,N/A,A,boneless skinless chicken thighs
"Chicken, thigh, boneless, skinless, raw",27F-53-06,CY124T7,Gerber's Amish Farm ,Food City,Wytheville,VA,"Gerber's Poultry, Inc.","Kidron, OH",OH,USA,3/17/2023,60865 10972,,,1.77 lb,N/A,A,none
"Chicken, thigh, boneless, skinless, raw",27F-53-07,CY124T8,Shoppers,Shoppers,College Park,MD,TSD Sales and Distribution,"Springdale, AR",AR,USA,3/27/2023,10667 21480,,,4.24 lb,3/27/2023,A,none
"Chicken, thigh, boneless, skinless, raw",27F-53-08,CY124T9,Harris Teeter,Harris Teeter,Ellicott City,MD,"Harris Teeter, LLC","Matthews, NC",NC,USA,3/26/2023,208962 014169,,,3.55 lb,3/27/2023,A,none
"Beef, ribeye, steak, boneless, choice, raw",27F-54-01,CY124TA,Kroger,Kroger,Blacksburg,VA,Kroger,"Cincinnati, OH",OH,Mexico,2/27/2023,02024 01063,,,0.76 lb,N/A,choice,none
"Beef, ribeye, steak, boneless, choice, raw",27F-54-02,CY124TB,Simple Truth,Kroger,Blacksburg,VA,Kroger,"Cincinnati, OH",OH,USA,3/1/2023,11110 19258,,,0.70 lb,N/A,choice,beef
"Beef, ribeye, steak, boneless, choice, raw",27F-54-03,CY124TC,Nature's Promise,Food Lion,Blacksburg,VA,Food Lion,"Salisbury, NC",NC,,3/6/2023,,,,1.38 lb,N/A,choice,none
"Beef, ribeye, steak, boneless, choice, raw",27F-54-04,CY124TD,Food Lion,Food Lion,Blacksburg,VA,Food Lion,"Salisbury, NC",NC,,3/6/2023,200151 21847,,,1.32 lb,N/A,choice,none
"Beef, ribeye, steak, boneless, choice, raw",27F-54-05,CY124TE,Walmart,Walmart,Christiansburg,VA,"Wal-Mart Stores, Inc.","Bentonville, AR",AR,USA,3/13/2023,59669 32425,,,1.62 lb,N/A,choice,none
"Beef, ribeye, steak, boneless, choice, raw",27F-54-06,CY124TF,Black Canyon,Grants,Bland,VA,Grants,"Bland, VA",VA,USA,3/17/2023,200036 822045,,,1.47 lb,N/A,choice,none
"Beef, ribeye, steak, boneless, choice, raw",27F-54-07,CY124TG,Aldi,Aldi,Christiansburg,VA,Aldi Inc.,"Batavia, IL",IL,USA,3/26/2023,07360 71599,,,1.28 lb,N/A,choice,none
"Beef, ribeye, steak, boneless, choice, raw",27F-54-08,CY124TH,Good & Gather,Target,Christiansburg,VA,Target Corporation,"Minneapolis, MN",MN,USA,4/3/2002,10104 51109,,,1.04 lb,N/A,choice,none
"Beef, round, top round, boneless, choice, raw",27F-55-01,CY124TI,Kroger,Kroger,Blacksburg,VA,Kroger,"Cincinnati, OH",OH,Uruguay,2/27/2023,,,,1.36 lb,N/A,choice,beef made with natural flavorings
"Beef, round, top round, boneless, choice, raw",27F-55-02,CY124TJ,Food Lion,Food Lion,Blacksburg,VA,Food Lion,"Salisbury, NC",NC,USA,3/6/2023,,,,1.79 lb,N/A,choice,"beef, natural flavorings"
"Beef, round, top round, boneless, choice, raw",27F-55-03,CY124TK,Safeway Signature Select,Safeway,Greenbelt,MD,Safeway,"Pleasanton, CA",CA,,3/27/2023,202323 211518,,,1.44 lb,3/27/2023,choice,none
"Beef, round, top round, boneless, choice, raw",27F-55-04,CY124TL,Shoppers,Shoppers,College Park,MD,UNFI,"Providence, RI",RI,USA,3/27/2023,202373 306394,,,1.22 lb,3/27/2023,choice,none
"Beef, round, top round, boneless, choice, raw",27F-55-05,CY124TM,Black Canyon,Grants,Narrows,VA,Grants,"Bland, VA",VA,USA,4/2/2023,200047 405695,,,1.43 lb,N/A,choice,none
"Beef, round, top round, boneless, choice, raw",27F-55-06,CY124TN,Aldi,Aldi,Christiansburg,VA,Aldi Inc.,"Batavia, IL",IL,USA,3/26/2023,53799 20626,,,1.14 lb,N/A,choice,none
"Beef, round, top round, boneless, choice, raw",27F-55-07,CY124TO,Whole Foods,Whole Foods,Columbia,MD,"Whole Foods Market, Inc.","Austin, TX",TX,,4/10/2023,,,,1.46 lb,4/11/2023,choice,none
"Beef, round, top round, boneless, choice, raw",27F-55-08,CY124TP,Lidl,Lidl,Columbia,MD,Ava,"Hicksville, NY ",NY,USA,4/10/2023,218000 006535,,,1.19 lb,4/11/2023,choice,beef
"Beef, chuck, roast, boneless, choice, raw",27F-56-01,CY124TQ,Nature's Promise,Food Lion,Blacksburg,VA,Food Lion,"Salisbury, NC",NC,,3/6/2023,222035 514226,,,1.28 lb,N/A,choice,none
"Beef, chuck, roast, boneless, choice, raw",27F-56-02,CY124TR,Food Lion,Food Lion,Blacksburg,VA,Food Lion,"Salisbury, NC",NC,,3/6/2023,,,,1.97 lb,N/A,choice,"beef, natural flavoring"
"Beef, chuck, roast, boneless, choice, raw",27F-56-03,CY124TS,Kroger,Kroger,Blacksburg,VA,Kroger,"Cincinnati, OH",OH,USA/Canada/Mexico,3/9/2023,01966 01321,,,1.89 lb,N/A,choice,none
"Beef, chuck, roast, boneless, choice, raw",27F-56-04,CY124TT,Walmart,Walmart,Christiansburg,VA,"Wal-Mart Stores, Inc.","Bentonville, AR",AR,USA,3/13/2023,59661 81492,,,2.14 lb,N/A,choice,sprayed with a solution of water and ascorbic acid to maintain color
"Beef, chuck, roast, boneless, choice, raw",27F-56-05,CY124TU,Aldi,Aldi,Christiansburg,VA,Aldi Inc. ,"Batavia, IL",IL,USA,3/26/2023,53813 02119,,,3.86 lb,N/A,choice,none
"Beef, chuck, roast, boneless, choice, raw",27F-56-06,CY124TV,Shoppers,Shoppers,Ellicott City,MD,"Harris Teeter, LLC","Matthews, NC",NC,USA,3/26/2023,01880 93337,08:14 822742,,3.93 lb,3/27/2023,choice,none
"Beef, chuck, roast, boneless, choice, raw",27F-56-07,CY124TW,Harris Teeter Reserve,Harris Teeter,College Park,MD,UNFI,"Providence, RI",RI,USA,3/27/2023,211966 713211,,,1.89 lb,3/27/2023,choice,none
"Beef, chuck, roast, boneless, choice, raw",27F-56-08,CY124TX,Earth Fare,Earth Fare,Christiansburg,VA,Earth Fare,"Asheville, NC",NC,,4/3/2023,010559 01036,,,1.73 lb,N/A,choice,none
"Beef, flank, steak, boneless, choice, raw",27F-57-01,CY124TY,Kroger,Kroger,Blacksburg,VA,National Beef Packing Co. LLC.,"Kansas City, MO",MO,USA,3/1/2023,42396 01568,,,1.57 lb,N/A,choice,none
"Beef, flank, steak, boneless, choice, raw",27F-57-02,CY124TZ,Walmart,Walmart,Christiansburg,VA,"Wal-Mart Stores, Inc.","Bentonville, AR",AR,USA,3/13/2023,59663 71939,,,2.33 lb,N/A,choice,sprayed with a solution of water and ascorbic acid to maintain color
"Beef, flank, steak, boneless, choice, raw",27F-57-03,CY124U0,Shoppers,Shoppers,College Park,MD,UNFI,"Providence, RI",RI,USA,3/27/2023,261581 522064,,,1.84 lb,3/27/2023,choice,none
"Beef, flank, steak, boneless, choice, raw",27F-57-04,CY124U1,Harris Teeter Reserve,Harris Teeter,Ellicott City,MD,"Harris Teeter, LLC","Matthews, NC",NC,,3/26/2023,02396 20802,,,0.73 lb,3/27/2023,choice,none
"Beef, flank, steak, boneless, choice, raw",27F-57-05,CY124U2,Earth Fare,Earth Fare,Christiansburg,VA,Earth Fare,"Asheville, NC",NC,,4/3/2023,015088 011112,,,1.39 lb,N/A,choice,none
"Beef, flank, steak, boneless, choice, raw",27F-57-06,CY124U3,Whole Foods,Whole Foods,Columbia,MD,"Whole Foods Market, Inc.","Austin, TX",TX,,4/10/2023,,,,1.98 lb,4/11/2023,choice,none
"Beef, flank, steak, boneless, choice, raw",27F-57-07,CY124U4,Wegmans,Wegmans,Columbia,MD,"Wegmans Food Markets, Inc.","Rochester, NY ",NY,USA,4/10/2023,001584 023032,,,1.67 lb,4/11/2023,choice,none
"Beef, flank, steak, boneless, choice, raw",27F-57-08,CY124U5,Swift,Giant,Ellicott City,MD,JBS USA,"Greeley, CO",CO,,4/10/2023,207199 120339,,,1.85 lb,4/11/2023,choice,100% beef