,Project_Type,Community_Name,Study_Year,Taxa_lvl4,Taxa_lvl5,Percent_Using,Percent_Attempting_to_Harvest,Percent_Harvesting,Percent_Receiving,Percent_Giving,Number_Of_Resource_Harvested,Estimated_Amount_Harvested,Percapita_Number_Harvested,Percapita_Pounds_Harvested
1,Comprehensive Survey,Chenega,2003,Seal,Harbor Seal,0.875,0.5,0.4375,0.75,0.6875,37,46.25,NA,46.044445
2,Comprehensive Survey,Cordova,2003,Seal,Harbor Seal,0.05685619,0.03625179,0.03625179,0.030906593,0.049988054,30,98.614125,NA,2.2827744
3,Comprehensive Survey,Nanwalek,2003,Seal,Harbor Seal,0.77272725,0.27272728,0.18181819,0.72727275,0.3181818,12,27.81818214,NA,6.72
4,Comprehensive Survey,Port Graham,2003,Seal,Harbor Seal,0.7446808,0.25531915,0.14893617,0.7234042,0.31914893,45,45,NA,16.125256
5,Comprehensive Survey,Tatitlek,2003,Seal,Harbor Seal,0.96,0.44,0.44,0.84,0.68,81,87.48,NA,66.70588
6,Comprehensive Survey,Chenega,1993,Porpoise,Porpoise,0,0,0,0,0,0,0,NA,0
7,Comprehensive Survey,Chenega,1997,Porpoise,Porpoise,0,0,0,0,0,0,0,NA,0
8,Comprehensive Survey,Chenega,2003,Porpoise,Porpoise,0.125,0,0,0.125,0,0,0,NA,0
9,Comprehensive Survey,Chenega,1985,Seal,Seal,0.813,0.625,0.5,0.438,0.375,146,155,NA,96.83
10,Comprehensive Survey,Cordova,1985,Porpoise,Porpoise,0,0,0,0,0,0,0,NA,0
11,Comprehensive Survey,Cordova,1993,Porpoise,Porpoise,0,0,0,0,0,0,0,NA,0
12,Comprehensive Survey,Cordova,1997,Porpoise,Porpoise,0,0,0,0,0,NA,0,NA,0
13,Comprehensive Survey,Cordova,2003,Porpoise,Porpoise,0.003434066,0,0,0.003434066,0,0,0,NA,0
14,Comprehensive Survey,Cordova,1985,Seal,Seal,0.073,0.01,0.01,0.063,0.015,7,29,NA,0.48
15,Comprehensive Survey,Nanwalek,1997,Porpoise,Porpoise,0,0,0,0,0,0,0,NA,0
16,Comprehensive Survey,Port Graham,1997,Porpoise,Porpoise,0,0,0,0,0,0,0,NA,0
17,Comprehensive Survey,Tatitlek,1987,Porpoise,Porpoise,0.26299998,0.053000003,0.053000003,0.21100001,0.053000003,1,2,NA,0.79
18,Comprehensive Survey,Tatitlek,1993,Porpoise,Porpoise,0.05,0,0,0.05,0.05,0,0,NA,0
19,Comprehensive Survey,Tatitlek,1997,Porpoise,Porpoise,0.188,0.125,0.125,0.063,0.125,3,5,NA,3.75
20,Comprehensive Survey,Tatitlek,2003,Porpoise,Porpoise,0.36,0.12,0.08,0.32,0.24,1,1.44,NA,1.1764706
21,Comprehensive Survey,Valdez,1993,Porpoise,Porpoise,0,0,0,0,0,0,0,NA,0
22,Comprehensive Survey,Chenega,1990,Seal,Bearded Seal,0,0,0,0,0,0,0,NA,0
23,Comprehensive Survey,Chenega,1984,Seal,Harbor Seal,0.875,0.75,0.75,0.813,0.75,186,186,NA,123.35
24,Comprehensive Survey,Chenega,1989,Seal,Harbor Seal,0.38900003,0.222,0.16700001,0.333,0.16700001,14,16,NA,1.2
25,Comprehensive Survey,Chenega,1990,Seal,Harbor Seal,0.833,0.38900003,0.38900003,0.611,0.333,48.5,57,NA,27.78
26,Comprehensive Survey,Chenega,1991,Seal,Harbor Seal,0.72199994,0.444,0.38900003,0.611,0.38900003,23,28,NA,13.18
27,Comprehensive Survey,Chenega,1992,Seal,Harbor Seal,0.522,0.261,0.21700001,0.522,0.261,37,42,NA,17.48
28,Comprehensive Survey,Chenega,1993,Seal,Harbor Seal,0.565,0.435,0.39099997,0.565,0.435,55,67,NA,25.05
29,Comprehensive Survey,Chenega,1997,Seal,Harbor Seal,0.73300004,0.533,0.4,0.73300004,0.4,11.1,16,NA,14.76
30,Comprehensive Survey,Chenega,2014,Seal,Harbor Seal,0.417,0.083000004,0,0.417,0.083000004,0,0,NA,0
31,Comprehensive Survey,Chenega,1997,Seal,Unknown Seal,0,0,0,0,0,0,0,NA,0
32,Comprehensive Survey,Chenega,1984,Sea Otter,Sea Otter,0.188,0.188,0.188,0,0,14,14,NA,0
33,Comprehensive Survey,Chenega,1985,Sea Otter,Sea Otter,0.313,0.313,0.313,0,0.063,15,16,NA,0.26
34,Comprehensive Survey,Chenega,1989,Sea Otter,Sea Otter,0,0,0,0,0,0,0,NA,0
35,Comprehensive Survey,Chenega,1990,Sea Otter,Sea Otter,0.055999998,0.055999998,0.055999998,0,0,1,1,NA,0.3
36,Comprehensive Survey,Chenega,1991,Sea Otter,Sea Otter,0.055999998,0.055999998,0.055999998,0,0,2,2,NA,0
37,Comprehensive Survey,Chenega,1992,Sea Otter,Sea Otter,0.087,0.087,0.087,0,0,3,3,NA,0
38,Comprehensive Survey,Chenega,1993,Sea Otter,Sea Otter,0.13,0.087,0.087,0.043,0.087,5,6,NA,0
39,Comprehensive Survey,Chenega,1997,Sea Otter,Sea Otter,0.2,0.2,0.2,0.067,0.067,7,10,NA,0
40,Comprehensive Survey,Chenega,2003,Sea Otter,Sea Otter,0,0,0,0,0,0,0,NA,0
41,Comprehensive Survey,Chenega,2014,Sea Otter,Sea Otter,0.16700001,0.083000004,0.083000004,0.083000004,0.083000004,14,19.8,NA,0
42,Comprehensive Survey,Chenega,1984,Stellar Sea Lion,Stellar Sea Lion,0.875,0.56299996,0.438,0.813,0.5,15,15,NA,26.32
43,Comprehensive Survey,Chenega,1985,Stellar Sea Lion,Stellar Sea Lion,0.75,0.5,0.438,0.438,0.375,25,27,NA,43.86
44,Comprehensive Survey,Chenega,1989,Stellar Sea Lion,Stellar Sea Lion,0.16700001,0.111,0.111,0.111,0.111,2,2,NA,2.38
45,Comprehensive Survey,Chenega,1990,Stellar Sea Lion,Stellar Sea Lion,0.278,0.055999998,0.055999998,0.278,0.055999998,1,1,NA,1.25
46,Comprehensive Survey,Chenega,1991,Stellar Sea Lion,Stellar Sea Lion,0.72199994,0.278,0.16700001,0.667,0.222,5,6,NA,7.57
47,Comprehensive Survey,Chenega,1992,Stellar Sea Lion,Stellar Sea Lion,0.609,0.174,0.174,0.565,0.304,6,7,NA,7.5
48,Comprehensive Survey,Chenega,1993,Stellar Sea Lion,Stellar Sea Lion,0.435,0.304,0.261,0.348,0.348,10,12,NA,9.87
49,Comprehensive Survey,Chenega,1997,Stellar Sea Lion,Stellar Sea Lion,0.26700002,0.067,0,0.26700002,0.067,0,0,NA,0
50,Comprehensive Survey,Chenega,2003,Stellar Sea Lion,Stellar Sea Lion,0.1875,0.0625,0,0.1875,0.0625,0,0,NA,0
51,Comprehensive Survey,Chenega,2014,Stellar Sea Lion,Stellar Sea Lion,0,0,0,0,0,0,0,NA,0
52,Comprehensive Survey,Chenega,1990,Whale,Belukha,0,0,0,0,0,0,0,NA,0
53,Comprehensive Survey,Chenega,1997,Whale,Belukha,0,0,0,0,0,0,0,NA,0
54,Comprehensive Survey,Chenega,2003,Whale,Belukha,0.125,0,0,0.125,0.0625,0,0,NA,0
55,Comprehensive Survey,Chenega,1990,Whale,Bowhead,0,0,0,0,0,0,0,NA,0
56,Comprehensive Survey,Chenega,1992,Whale,Bowhead,0.043,0,0,0.043,0,0,0,NA,0
57,Comprehensive Survey,Chenega,1993,Whale,Bowhead,0,0,0,0,0,0,0,NA,0
58,Comprehensive Survey,Chenega,1990,Whale,Unknown Whale,0,0,0,0,0,0,0,NA,0
59,Comprehensive Survey,Chenega,1991,Whale,Unknown Whale,0,0,0,0,0,0,0,NA,0
60,Comprehensive Survey,Chenega,1992,Whale,Unknown Whale,0.043,0,0,0.043,0.043,0,0,NA,0
61,Comprehensive Survey,Chenega,1993,Whale,Unknown Whale,0.043,0,0,0.043,0.043,0,0,NA,0
62,Comprehensive Survey,Chenega,1997,Whale,Unknown Whale,0,0,0,0,0,0,0,NA,0
63,Comprehensive Survey,Chenega,2003,Whale,Unknown Whale,0.125,0,0,0.125,0,0,0,NA,0
64,Comprehensive Survey,Cordova,1988,Seal,Harbor Seal,0.069,0.032,0.032,0.045,0.024,NA,70,NA,0.81
65,Comprehensive Survey,Cordova,1991,Seal,Harbor Seal,0.05,0.02,0.02,0.04,0.02,3,23,NA,0.38
66,Comprehensive Survey,Cordova,1992,Seal,Harbor Seal,0.049000002,0.024,0,0.024,0.024,0,0,NA,0
67,Comprehensive Survey,Cordova,1993,Seal,Harbor Seal,0.087,0.019,0.019,0.067,0.019,7,64,NA,0.81
68,Comprehensive Survey,Cordova,1997,Seal,Harbor Seal,0.086,0.043,0.035,0.063,0.063,NA,212,NA,3.64
69,Comprehensive Survey,Cordova,2014,Seal,Harbor Seal,0.033,0,0,0.033,0.005,0,0,NA,0
70,Comprehensive Survey,Cordova,1997,Seal,Unknown Seal,0,0,0,0,0,NA,0,NA,0
71,Comprehensive Survey,Cordova,1985,Sea Otter,Sea Otter,0,0,0,0,0,0,0,NA,0
72,Comprehensive Survey,Cordova,1988,Sea Otter,Sea Otter,0.029000001,0,0,0.029000001,0,NA,0,NA,0
73,Comprehensive Survey,Cordova,1991,Sea Otter,Sea Otter,0.01,0,0,0.01,0,0,0,NA,0
74,Comprehensive Survey,Cordova,1992,Sea Otter,Sea Otter,0.024,0.024,0,0,0.024,0,0,NA,0
75,Comprehensive Survey,Cordova,1993,Sea Otter,Sea Otter,0.01,0,0,0.01,0.01,0,0,NA,0
76,Comprehensive Survey,Cordova,1997,Sea Otter,Sea Otter,0.055,0.039,0.035,0.02,0.016,NA,179,NA,0
77,Comprehensive Survey,Cordova,2003,Sea Otter,Sea Otter,0.05685619,0.03434066,0.03434066,0.02938366,0.010302198,91,284.375,NA,0
78,Comprehensive Survey,Cordova,2014,Sea Otter,Sea Otter,0.005,0,0,0.005,0,0,0,NA,0
79,Comprehensive Survey,Cordova,1985,Stellar Sea Lion,Stellar Sea Lion,0.024,0.005,0.005,0.019,0.01,3,12,NA,0.55
80,Comprehensive Survey,Cordova,1988,Stellar Sea Lion,Stellar Sea Lion,0,0,0,0,0,NA,0,NA,0
81,Comprehensive Survey,Cordova,1991,Stellar Sea Lion,Stellar Sea Lion,0,0,0,0,0,0,0,NA,0
82,Comprehensive Survey,Cordova,1992,Stellar Sea Lion,Stellar Sea Lion,0,0,0,0,0,0,0,NA,0
83,Comprehensive Survey,Cordova,1993,Stellar Sea Lion,Stellar Sea Lion,0,0,0,0,0,0,0,NA,0
84,Comprehensive Survey,Cordova,1997,Stellar Sea Lion,Stellar Sea Lion,0,0,0,0,0,NA,0,NA,0
85,Comprehensive Survey,Cordova,2003,Stellar Sea Lion,Stellar Sea Lion,0.010302198,0.003434066,0.003434066,0.006868132,0.003434066,2,6.25,NA,0.5167088
86,Comprehensive Survey,Cordova,2014,Stellar Sea Lion,Stellar Sea Lion,0.005,0,0,0.005,0,0,0,NA,0
87,Comprehensive Survey,Cordova,1988,Walrus,Walrus,0.008,0,0,0.008,0,NA,0,NA,0
88,Comprehensive Survey,Cordova,1997,Whale,Belukha,0,0,0,0,0,NA,0,NA,0
89,Comprehensive Survey,Cordova,2003,Whale,Belukha,0,0,0,0,0,0,0,NA,0
90,Comprehensive Survey,Cordova,1992,Whale,Bowhead,0,0,0,0,0,0,0,NA,0
91,Comprehensive Survey,Cordova,1993,Whale,Bowhead,0.01,0,0,0.01,0.01,0,0,NA,0
92,Comprehensive Survey,Cordova,1991,Whale,Unknown Whale,0.01,0,0,0.01,0,0,0,NA,0
93,Comprehensive Survey,Cordova,1992,Whale,Unknown Whale,0.024,0,0,0.024,0.024,0,0,NA,0
94,Comprehensive Survey,Cordova,1993,Whale,Unknown Whale,0.01,0,0,0.01,0,0,0,NA,0
95,Comprehensive Survey,Cordova,1997,Whale,Unknown Whale,0,0,0,0,0,NA,0,NA,0
96,Comprehensive Survey,Cordova,2003,Whale,Unknown Whale,0.003434066,0,0,0.003434066,0,0,0,NA,0
97,Comprehensive Survey,Nanwalek,1990,Seal,Bearded Seal,0,0,0,0,0,0,0,NA,0
98,Comprehensive Survey,Nanwalek,1987,Seal,Harbor Seal,0.818,0.333,0.273,0.758,0.39400002,24,29,NA,10.75
99,Comprehensive Survey,Nanwalek,1989,Seal,Harbor Seal,0.84800005,0.36400002,0.303,0.84800005,0.485,22,27,NA,9.78
100,Comprehensive Survey,Nanwalek,1990,Seal,Harbor Seal,0.74300003,0.171,0.143,0.686,0.257,8,9,NA,2.85
101,Comprehensive Survey,Nanwalek,1991,Seal,Harbor Seal,0.69,0.31,0.172,0.621,0.207,13,18,NA,6.38
102,Comprehensive Survey,Nanwalek,1992,Seal,Harbor Seal,0.71900004,0.25,0.188,0.688,0.344,22,28,NA,9.27
103,Comprehensive Survey,Nanwalek,1993,Seal,Harbor Seal,0.84800005,0.36400002,0.24200001,0.84800005,0.333,24,27,NA,10.67
104,Comprehensive Survey,Nanwalek,1997,Seal,Harbor Seal,0.89699996,0.44799998,0.345,0.862,0.414,40.5,53,NA,17.72
105,Comprehensive Survey,Nanwalek,2014,Seal,Harbor Seal,0.714,0.25,0.161,0.661,0.214,21,21.9,NA,5.3051205
106,Comprehensive Survey,Nanwalek,1987,Seal,Unknown Seal,0.091000006,0.03,0,0.091000006,0.03,0,0,NA,0
107,Comprehensive Survey,Nanwalek,1992,Seal,Unknown Seal,0,0,0,0,0,0,0,NA,0
108,Comprehensive Survey,Nanwalek,1993,Seal,Unknown Seal,0,0,0,0,0,0,0,NA,0
109,Comprehensive Survey,Nanwalek,1997,Seal,Unknown Seal,0,0,0,0,0,0,0,NA,0
110,Comprehensive Survey,Nanwalek,1987,Sea Otter,Sea Otter,0,0,0,0,0,0,0,NA,0
111,Comprehensive Survey,Nanwalek,1989,Sea Otter,Sea Otter,0,0.03,0,0,0,0,0,NA,0
112,Comprehensive Survey,Nanwalek,1990,Sea Otter,Sea Otter,0,0,0,0,0,0,0,NA,0
113,Comprehensive Survey,Nanwalek,1991,Sea Otter,Sea Otter,0,0,0,0,0,0,0,NA,0
114,Comprehensive Survey,Nanwalek,1992,Sea Otter,Sea Otter,0,0,0,0,0,0,0,NA,0
115,Comprehensive Survey,Nanwalek,1993,Sea Otter,Sea Otter,0.12100001,0.12100001,0.091000006,0.03,0.03,26,29,NA,0
116,Comprehensive Survey,Nanwalek,1997,Sea Otter,Sea Otter,0.103,0.069,0.069,0.034,0,8,10,NA,0
117,Comprehensive Survey,Nanwalek,2003,Sea Otter,Sea Otter,0.09090909,0.045454547,0.045454547,0.045454547,0,1,2.3181818,NA,0
118,Comprehensive Survey,Nanwalek,2014,Sea Otter,Sea Otter,0.018,0.018,0.018,0,0.018,1,1,NA,0
119,Comprehensive Survey,Nanwalek,1987,Stellar Sea Lion,Stellar Sea Lion,0.455,0.152,0.061,0.42400002,0.152,7,8,NA,11.2
120,Comprehensive Survey,Nanwalek,1989,Stellar Sea Lion,Stellar Sea Lion,0.485,0.12100001,0.03,0.485,0.21200001,2,2,NA,3.17
121,Comprehensive Survey,Nanwalek,1990,Stellar Sea Lion,Stellar Sea Lion,0.543,0.086,0.056999996,0.514,0.143,2,2,NA,2.55
122,Comprehensive Survey,Nanwalek,1991,Stellar Sea Lion,Stellar Sea Lion,0.517,0.069,0,0.517,0.034,0,0,NA,0
123,Comprehensive Survey,Nanwalek,1992,Stellar Sea Lion,Stellar Sea Lion,0.59400004,0.094,0.063,0.56299996,0.125,5,6,NA,7.52
124,Comprehensive Survey,Nanwalek,1993,Stellar Sea Lion,Stellar Sea Lion,0.576,0.12100001,0.091000006,0.576,0.152,5,6,NA,7.94
125,Comprehensive Survey,Nanwalek,1997,Stellar Sea Lion,Stellar Sea Lion,0.276,0.138,0.069,0.276,0.138,4,5,NA,6.25
126,Comprehensive Survey,Nanwalek,2003,Stellar Sea Lion,Stellar Sea Lion,0.45454547,0.045454547,0.045454547,0.45454547,0.13636364,1,2.3181818,NA,2
127,Comprehensive Survey,Nanwalek,2014,Stellar Sea Lion,Stellar Sea Lion,0.25,0.088999994,0.071,0.214,0.107,6,6.2,NA,5.3811655
128,Comprehensive Survey,Nanwalek,1990,Whale,Belukha,0,0,0,0,0,0,0,NA,0
129,Comprehensive Survey,Nanwalek,1991,Whale,Belukha,0,0,0,0,0,0,0,NA,0
130,Comprehensive Survey,Nanwalek,1992,Whale,Belukha,0,0,0,0,0,0,0,NA,0
131,Comprehensive Survey,Nanwalek,1993,Whale,Belukha,0,0,0,0,0,0,0,NA,0
132,Comprehensive Survey,Nanwalek,1997,Whale,Belukha,0.069,0,0,0.069,0.034,0,0,NA,0
133,Comprehensive Survey,Nanwalek,2003,Whale,Belukha,0,0,0,0,0,0,0,NA,0
134,Comprehensive Survey,Nanwalek,1990,Whale,Bowhead,0,0,0,0,0,0,0,NA,0
135,Comprehensive Survey,Nanwalek,2014,Whale,Bowhead,0.018,0,0,0.018,0,0,0,NA,0
136,Comprehensive Survey,Nanwalek,1990,Whale,Unknown Whale,0,0,0,0,0,0,0,NA,0
137,Comprehensive Survey,Nanwalek,1991,Whale,Unknown Whale,0,0,0,0,0,0,0,NA,0
138,Comprehensive Survey,Nanwalek,1992,Whale,Unknown Whale,0,0,0,0,0,0,0,NA,0
139,Comprehensive Survey,Nanwalek,1993,Whale,Unknown Whale,0.03,0,0,0.03,0.03,0,0,NA,0
140,Comprehensive Survey,Nanwalek,1997,Whale,Unknown Whale,0,0,0,0,0,0,0,NA,0
141,Comprehensive Survey,Port Graham,1990,Seal,Bearded Seal,0,0,0,0,0,0,0,NA,0
142,Comprehensive Survey,Port Graham,1987,Seal,Harbor Seal,0.556,0.315,0.222,0.444,0.204,29,34,NA,10.48
143,Comprehensive Survey,Port Graham,1989,Seal,Harbor Seal,0.688,0.229,0.16700001,0.64599997,0.16700001,13,17,NA,5.73
144,Comprehensive Survey,Port Graham,1990,Seal,Harbor Seal,0.71699995,0.21700001,0.065,0.71699995,0.19600001,8,10,NA,3.27
145,Comprehensive Survey,Port Graham,1991,Seal,Harbor Seal,0.755,0.286,0.184,0.694,0.245,25,30,NA,10.29
146,Comprehensive Survey,Port Graham,1992,Seal,Harbor Seal,0.938,0.313,0.25,0.875,0.417,31,37,NA,12.58
147,Comprehensive Survey,Port Graham,1993,Seal,Harbor Seal,0.78400004,0.235,0.176,0.765,0.294,19,23,NA,7.29
148,Comprehensive Survey,Port Graham,1997,Seal,Harbor Seal,0.773,0.25,0.205,0.705,0.341,18,26,NA,9.25
149,Comprehensive Survey,Port Graham,2014,Seal,Harbor Seal,0.683,0.22,0.146,0.61,0.244,11,15.6,NA,5.8666663
150,Comprehensive Survey,Port Graham,1987,Seal,Unknown Seal,0,0,0,0,0,0,0,NA,0
151,Comprehensive Survey,Port Graham,1992,Seal,Unknown Seal,0,0,0,0,0,0,0,NA,0
152,Comprehensive Survey,Port Graham,1993,Seal,Unknown Seal,0,0,0,0,0,0,0,NA,0
153,Comprehensive Survey,Port Graham,1997,Seal,Unknown Seal,0,0,0,0,0,0,0,NA,0
154,Comprehensive Survey,Port Graham,1987,Sea Otter,Sea Otter,0.055999998,0.055999998,0.055999998,0,0.019,7,8,NA,0
155,Comprehensive Survey,Port Graham,1989,Sea Otter,Sea Otter,0,0.021,0,0,0,0,0,NA,0
156,Comprehensive Survey,Port Graham,1990,Sea Otter,Sea Otter,0.022,0.022,0.022,0,0,1,1,NA,0
157,Comprehensive Survey,Port Graham,1991,Sea Otter,Sea Otter,0.02,0.02,0.02,0,0,3,4,NA,0
158,Comprehensive Survey,Port Graham,1992,Sea Otter,Sea Otter,0.042,0.021,0.021,0.042,0,7,8,NA,0
159,Comprehensive Survey,Port Graham,1993,Sea Otter,Sea Otter,0.059,0.059,0.059,0,0.02,28,33,NA,0
160,Comprehensive Survey,Port Graham,1997,Sea Otter,Sea Otter,0.159,0.11399999,0.11399999,0.045,0.023,14,20,NA,0
161,Comprehensive Survey,Port Graham,2003,Sea Otter,Sea Otter,0.06382979,0.04255319,0.04255319,0.04255319,0.06382979,6,8.297873,NA,0
162,Comprehensive Survey,Port Graham,2014,Sea Otter,Sea Otter,0.073,0.049000002,0.049000002,0.024,0,17,24,NA,0
163,Comprehensive Survey,Port Graham,1987,Stellar Sea Lion,Stellar Sea Lion,0.278,0.055999998,0.019,0.259,0.019,2,2,NA,2.58
164,Comprehensive Survey,Port Graham,1989,Stellar Sea Lion,Stellar Sea Lion,0.083000004,0.063,0.021,0.083000004,0.021,2,3,NA,3.15
165,Comprehensive Survey,Port Graham,1990,Stellar Sea Lion,Stellar Sea Lion,0.13,0.043,0,0.13,0.022,0,0,NA,0
166,Comprehensive Survey,Port Graham,1991,Stellar Sea Lion,Stellar Sea Lion,0.306,0.061,0.061,0.265,0.081999995,3,4,NA,4.41
167,Comprehensive Survey,Port Graham,1992,Stellar Sea Lion,Stellar Sea Lion,0.229,0.083000004,0.042,0.20799999,0.125,3,4,NA,4.35
168,Comprehensive Survey,Port Graham,1993,Stellar Sea Lion,Stellar Sea Lion,0.333,0.039,0.02,0.314,0.078,1,1,NA,1.37
169,Comprehensive Survey,Port Graham,1997,Stellar Sea Lion,Stellar Sea Lion,0.18200001,0.023,0,0.18200001,0.045,0,0,NA,0
170,Comprehensive Survey,Port Graham,2003,Stellar Sea Lion,Stellar Sea Lion,0.31914893,0.04255319,0.021276595,0.31914893,0.06382979,1,1,NA,1.2797822
171,Comprehensive Survey,Port Graham,2014,Stellar Sea Lion,Stellar Sea Lion,0.268,0.073,0.024,0.244,0.073,1,1.4,NA,1.9047617
172,Comprehensive Survey,Port Graham,1990,Whale,Belukha,0,0,0,0,0,0,0,NA,0
173,Comprehensive Survey,Port Graham,1991,Whale,Belukha,0,0,0,0,0,0,0,NA,0
174,Comprehensive Survey,Port Graham,1992,Whale,Belukha,0,0,0,0,0,0,0,NA,0
175,Comprehensive Survey,Port Graham,1993,Whale,Belukha,0.02,0,0,0.02,0,0,0,NA,0
176,Comprehensive Survey,Port Graham,1997,Whale,Belukha,0.023,0,0,0.023,0,0,0,NA,0
177,Comprehensive Survey,Port Graham,2003,Whale,Belukha,0.021276595,0,0,0.021276595,0.021276595,0,0,NA,0
178,Comprehensive Survey,Port Graham,1990,Whale,Bowhead,0,0,0,0,0,0,0,NA,0
179,Comprehensive Survey,Port Graham,2003,Whale,Bowhead,0.021276595,0,0,0.021276595,0.021276595,0,0,NA,0
180,Comprehensive Survey,Port Graham,1990,Whale,Unknown Whale,0,0,0,0,0,0,0,NA,0
181,Comprehensive Survey,Port Graham,1991,Whale,Unknown Whale,0,0,0,0,0,0,0,NA,0
182,Comprehensive Survey,Port Graham,1992,Whale,Unknown Whale,0,0,0,0,0,0,0,NA,0
183,Comprehensive Survey,Port Graham,1993,Whale,Unknown Whale,0.02,0,0,0.02,0,0,0,NA,0
184,Comprehensive Survey,Port Graham,1997,Whale,Unknown Whale,0,0,0,0,0,0,0,NA,0
185,Comprehensive Survey,Seward,2000,Seal,Harbor Seal,0,0,0,0,0,0,0,NA,0
186,Comprehensive Survey,Seward,2000,Sea Otter,Sea Otter,0,0,0,0,0,0,0,NA,0
187,Comprehensive Survey,Seward,2000,Stellar Sea Lion,Stellar Sea Lion,0,0,0,0,0,0,0,NA,0
188,Comprehensive Survey,Seward,2000,Whale,Belukha,0,0,0,0,0,0,0,NA,0
189,Comprehensive Survey,Seward,2000,Whale,Bowhead,0.019,0,0,0.019,0,0,0,NA,0
190,Comprehensive Survey,Tatitlek,1988,Porpoise,Dall Porpoise,0.19,0.095,0.095,0.143,0.143,2,3,NA,1.58
191,Comprehensive Survey,Tatitlek,1989,Porpoise,Dall Porpoise,0.091000006,0.045,0.045,0.045,0.045,1,1,NA,0.69
192,Comprehensive Survey,Tatitlek,1990,Porpoise,Dall Porpoise,0.118,0.059,0,0.118,0,0,0,NA,0
193,Comprehensive Survey,Tatitlek,1991,Porpoise,Dall Porpoise,0.158,0,0,0.158,0.105,0,0,NA,0
194,Comprehensive Survey,Tatitlek,1990,Seal,Bearded Seal,0.059,0,0,0.059,0,0,0,NA,0
195,Comprehensive Survey,Tatitlek,1987,Seal,Harbor Seal,0.895,0.579,0.474,0.684,0.632,241,393,NA,66.89
196,Comprehensive Survey,Tatitlek,1988,Seal,Harbor Seal,0.95199996,0.524,0.524,0.76199996,0.667,355,473,NA,85.55
197,Comprehensive Survey,Tatitlek,1989,Seal,Harbor Seal,0.864,0.36400002,0.318,0.727,0.36400002,89,113,NA,33.45
198,Comprehensive Survey,Tatitlek,1990,Seal,Harbor Seal,0.824,0.294,0.294,0.64699996,0.412,46,76,NA,23.18
199,Comprehensive Survey,Tatitlek,1991,Seal,Harbor Seal,0.84199995,0.52599996,0.52599996,0.684,0.737,80,114,NA,39.79
200,Comprehensive Survey,Tatitlek,1993,Seal,Harbor Seal,0.95,0.55,0.45,0.85,0.6,119,167,NA,43.28
201,Comprehensive Survey,Tatitlek,1997,Seal,Harbor Seal,0.938,0.5,0.5,0.75,0.5,99,167,NA,115.5
202,Comprehensive Survey,Tatitlek,2014,Seal,Harbor Seal,0.667,0.38099998,0.38099998,0.47599998,0.333,70,93,NA,69.80218
203,Comprehensive Survey,Tatitlek,1997,Seal,Unknown Seal,0,0,0,0,0,0,0,NA,0
204,Comprehensive Survey,Tatitlek,1987,Sea Otter,Sea Otter,0.053000003,0.053000003,0.053000003,0,0,15,24,NA,0
205,Comprehensive Survey,Tatitlek,1988,Sea Otter,Sea Otter,0.048,0.048,0.048,0,0,12,16,NA,0
206,Comprehensive Survey,Tatitlek,1989,Sea Otter,Sea Otter,0.045,0.045,0.045,0,0,2,3,NA,0
207,Comprehensive Survey,Tatitlek,1990,Sea Otter,Sea Otter,0,0,0,0,0,0,0,NA,0
208,Comprehensive Survey,Tatitlek,1991,Sea Otter,Sea Otter,0,0,0,0,0,0,0,NA,0
209,Comprehensive Survey,Tatitlek,1993,Sea Otter,Sea Otter,0.35,0.3,0.3,0.1,0.15,80,112,NA,0
210,Comprehensive Survey,Tatitlek,1997,Sea Otter,Sea Otter,0.188,0.188,0.188,0,0.063,34,57,NA,0
211,Comprehensive Survey,Tatitlek,2003,Sea Otter,Sea Otter,0,0,0,0,0,0,0,NA,0
212,Comprehensive Survey,Tatitlek,2014,Sea Otter,Sea Otter,0,0,0,0,0,0,0,NA,0
213,Comprehensive Survey,Tatitlek,1987,Stellar Sea Lion,Stellar Sea Lion,0.52599996,0.21100001,0.158,0.42099997,0.21100001,13,21,NA,6.91
214,Comprehensive Survey,Tatitlek,1988,Stellar Sea Lion,Stellar Sea Lion,0.571,0.333,0.333,0.38099998,0.47599998,20,27,NA,42.76
215,Comprehensive Survey,Tatitlek,1989,Stellar Sea Lion,Stellar Sea Lion,0.545,0.22700001,0.22700001,0.36400002,0.273,14,18,NA,14.25
216,Comprehensive Survey,Tatitlek,1990,Stellar Sea Lion,Stellar Sea Lion,0.471,0.059,0.059,0.412,0.176,1,2,NA,1.09
217,Comprehensive Survey,Tatitlek,1991,Stellar Sea Lion,Stellar Sea Lion,0.579,0.316,0.21100001,0.52599996,0.42099997,6,9,NA,7.9
218,Comprehensive Survey,Tatitlek,1993,Stellar Sea Lion,Stellar Sea Lion,0.5,0.2,0.15,0.5,0.15,5,7,NA,5.93
219,Comprehensive Survey,Tatitlek,1997,Stellar Sea Lion,Stellar Sea Lion,0.25,0.188,0.188,0.063,0.188,11,19,NA,45.83
220,Comprehensive Survey,Tatitlek,2003,Stellar Sea Lion,Stellar Sea Lion,0.72,0.24,0.24,0.6,0.48,11,11.88,NA,32.35294
221,Comprehensive Survey,Tatitlek,2014,Stellar Sea Lion,Stellar Sea Lion,0.19,0.19,0.19,0,0.143,8,10.3,NA,27.586218
222,Comprehensive Survey,Tatitlek,1990,Whale,Belukha,0.059,0,0,0.059,0,0,0,NA,0
223,Comprehensive Survey,Tatitlek,1997,Whale,Belukha,0,0,0,0,0,0,0,NA,0
224,Comprehensive Survey,Tatitlek,2003,Whale,Belukha,0,0,0,0,0,0,0,NA,0
225,Comprehensive Survey,Tatitlek,1990,Whale,Bowhead,0,0,0,0,0,0,0,NA,0
226,Comprehensive Survey,Tatitlek,1993,Whale,Bowhead,0,0,0,0,0,0,0,NA,0
227,Comprehensive Survey,Tatitlek,1990,Whale,Unknown Whale,0,0,0,0,0,0,0,NA,0
228,Comprehensive Survey,Tatitlek,1991,Whale,Unknown Whale,0,0,0,0,0,0,0,NA,0
229,Comprehensive Survey,Tatitlek,1993,Whale,Unknown Whale,0,0,0,0,0,0,0,NA,0
230,Comprehensive Survey,Tatitlek,1997,Whale,Unknown Whale,0,0,0,0,0,0,0,NA,0
231,Comprehensive Survey,Tatitlek,2003,Whale,Unknown Whale,0,0,0,0,0,0,0,NA,0
232,Comprehensive Survey,Valdez,1991,Seal,Harbor Seal,0.04,0.01,0.01,0.03,0.01,5,62,NA,0.57
233,Comprehensive Survey,Valdez,1992,Seal,Harbor Seal,0.01,0,0,0.01,0,0,0,NA,0
234,Comprehensive Survey,Valdez,1993,Seal,Harbor Seal,0.056999996,0.029000001,0.029000001,0.029000001,0.029000001,6,215,NA,2.18
235,Comprehensive Survey,Valdez,1991,Sea Otter,Sea Otter,0.01,0.01,0.01,0,0,12,148,NA,0
236,Comprehensive Survey,Valdez,1992,Sea Otter,Sea Otter,0,0,0,0,0,0,0,NA,0
237,Comprehensive Survey,Valdez,1993,Sea Otter,Sea Otter,0.029000001,0.029000001,0.029000001,0.029000001,0.029000001,30,1077,NA,0
238,Comprehensive Survey,Valdez,1991,Stellar Sea Lion,Stellar Sea Lion,0,0,0,0,0,0,0,NA,0
239,Comprehensive Survey,Valdez,1992,Stellar Sea Lion,Stellar Sea Lion,0,0,0,0,0,0,0,NA,0
240,Comprehensive Survey,Valdez,1993,Stellar Sea Lion,Stellar Sea Lion,0,0,0,0,0,0,0,NA,0
241,Comprehensive Survey,Valdez,1993,Whale,Bowhead,0,0,0,0,0,0,0,NA,0
242,Comprehensive Survey,Valdez,1991,Whale,Unknown Whale,0.01,0,0,0.01,0,0,0,NA,0
243,Comprehensive Survey,Valdez,1992,Whale,Unknown Whale,0.01,0,0,0.01,0,0,0,NA,0
244,Comprehensive Survey,Valdez,1993,Whale,Unknown Whale,0,0,0,0,0,0,0,NA,0
245,Marine Mammal Surveys,Chenega,1995,Seal,Harbor Seal,0.571,NA,0.429,NA,NA,44.4,46,0.53,NA
246,Marine Mammal Surveys,Chenega,1996,Seal,Harbor Seal,0.368,NA,0.263,NA,NA,16,19,0.27,NA
247,Marine Mammal Surveys,Chenega,1997,Seal,Harbor Seal,0.857,NA,0.571,NA,NA,25.7,25.7,0.52,NA
248,Marine Mammal Surveys,Chenega,1998,Seal,Harbor Seal,0.889,NA,0.444,NA,NA,15.6,15.6,0.33,NA
249,Marine Mammal Surveys,Chenega,2000,Seal,Harbor Seal,1,NA,0.333,NA,NA,15,15,0.22,NA
250,Marine Mammal Surveys,Chenega,2001,Seal,Harbor Seal,0.818,NA,0.273,NA,NA,13,13,0.19,NA
251,Marine Mammal Surveys,Chenega,2002,Seal,Harbor Seal,0.833,NA,0.5,NA,NA,9.3,10.5,0.14,NA
252,Marine Mammal Surveys,Chenega,2003,Seal,Harbor Seal,0.929,NA,0.5,NA,NA,44.9,59.5,0.67,NA
253,Marine Mammal Surveys,Chenega,2004,Seal,Harbor Seal,1,NA,0.389,NA,NA,21.1,22.2,0.32,NA
254,Marine Mammal Surveys,Chenega,2005,Seal,Harbor Seal,0.429,NA,0.143,NA,NA,4.9,4.9,0.07,NA
255,Marine Mammal Surveys,Chenega,2006,Seal,Harbor Seal,0.909,NA,0.182,NA,NA,21.3,21.3,0.32,NA
256,Marine Mammal Surveys,Chenega,2007,Seal,Harbor Seal,0.889,NA,0.444,NA,NA,40.4,40.4,0.6,NA
257,Marine Mammal Surveys,Chenega,2008,Seal,Harbor Seal,0.857,NA,0.286,NA,NA,10.7,10.7,0.16,NA
258,Marine Mammal Surveys,Chenega,1995,Stellar Sea Lion,Stellar Sea Lion,0.5,NA,0.14,NA,NA,6.6,6.6,0.08,NA
259,Marine Mammal Surveys,Chenega,1996,Stellar Sea Lion,Stellar Sea Lion,0.37,NA,0.11,NA,NA,2,2,0.03,NA
260,Marine Mammal Surveys,Chenega,1997,Stellar Sea Lion,Stellar Sea Lion,0,NA,0,NA,NA,0,0,0,NA
261,Marine Mammal Surveys,Chenega,1998,Stellar Sea Lion,Stellar Sea Lion,0.11,NA,0,NA,NA,0,0,0,NA
262,Marine Mammal Surveys,Chenega,2000,Stellar Sea Lion,Stellar Sea Lion,0.56,NA,0,NA,NA,0,0,0,NA
263,Marine Mammal Surveys,Chenega,2001,Stellar Sea Lion,Stellar Sea Lion,0.46,NA,0.09,NA,NA,1.2,1.2,0.02,NA
264,Marine Mammal Surveys,Chenega,2002,Stellar Sea Lion,Stellar Sea Lion,0.08,NA,0,NA,NA,0,0,0,NA
265,Marine Mammal Surveys,Chenega,2003,Stellar Sea Lion,Stellar Sea Lion,0.36,NA,0,NA,NA,2.4,2.4,0,NA
266,Marine Mammal Surveys,Chenega,2004,Stellar Sea Lion,Stellar Sea Lion,0.17,NA,0,NA,NA,0,0,0,NA
267,Marine Mammal Surveys,Chenega,2005,Stellar Sea Lion,Stellar Sea Lion,0,NA,0,NA,NA,0,0,0,NA
268,Marine Mammal Surveys,Chenega,2006,Stellar Sea Lion,Stellar Sea Lion,0,NA,0,NA,NA,0,0,0,NA
269,Marine Mammal Surveys,Chenega,2007,Stellar Sea Lion,Stellar Sea Lion,0.44,NA,0.22,NA,NA,2.9,2.9,0.04,NA
270,Marine Mammal Surveys,Chenega,2008,Stellar Sea Lion,Stellar Sea Lion,0,NA,0,NA,NA,0,0,0,NA
271,Marine Mammal Surveys,Cordova,1995,Seal,Harbor Seal,0.309,NA,0.096,NA,NA,83.4,85.4,0.13,NA
272,Marine Mammal Surveys,Cordova,1996,Seal,Harbor Seal,0.334,NA,0.183,NA,NA,122.2,130.8,0.17,NA
273,Marine Mammal Surveys,Cordova,1997,Seal,Harbor Seal,0.308,NA,0.199,NA,NA,120.8,120.8,0.17,NA
274,Marine Mammal Surveys,Cordova,1998,Seal,Harbor Seal,0.243,NA,0.137,NA,NA,79.1,88.3,0.2,NA
275,Marine Mammal Surveys,Cordova,2000,Seal,Harbor Seal,0.455,NA,0.075,NA,NA,87.8,101.8,0.24,NA
276,Marine Mammal Surveys,Cordova,2001,Seal,Harbor Seal,NA,NA,NA,NA,NA,102.7,108.5,0.28,NA
277,Marine Mammal Surveys,Cordova,2002,Seal,Harbor Seal,NA,NA,NA,NA,NA,102.7,108.5,0.28,NA
278,Marine Mammal Surveys,Cordova,2003,Seal,Harbor Seal,NA,NA,NA,NA,NA,77.7,80.5,0.21,NA
279,Marine Mammal Surveys,Cordova,2004,Seal,Harbor Seal,NA,NA,NA,NA,NA,77.7,80.5,0.21,NA
280,Marine Mammal Surveys,Cordova,2005,Seal,Harbor Seal,0.875,NA,0.875,NA,NA,57,66,0.15,NA
281,Marine Mammal Surveys,Cordova,2006,Seal,Harbor Seal,0.857,NA,0.857,NA,NA,30.9,33.4,0.08,NA
282,Marine Mammal Surveys,Cordova,2007,Seal,Harbor Seal,1,NA,1,NA,NA,32,36,0.09,NA
283,Marine Mammal Surveys,Cordova,2008,Seal,Harbor Seal,0.875,NA,0.875,NA,NA,32,36,0.09,NA
284,Marine Mammal Surveys,Cordova,1995,Stellar Sea Lion,Stellar Sea Lion,0,NA,0,NA,NA,0,1,0,NA
285,Marine Mammal Surveys,Cordova,1996,Stellar Sea Lion,Stellar Sea Lion,0.041,NA,0,NA,NA,0,0,0,NA
286,Marine Mammal Surveys,Cordova,1997,Stellar Sea Lion,Stellar Sea Lion,0,NA,0,NA,NA,0,0,0,NA
287,Marine Mammal Surveys,Cordova,1998,Stellar Sea Lion,Stellar Sea Lion,0,NA,0,NA,NA,0,0,0,NA
288,Marine Mammal Surveys,Cordova,2000,Stellar Sea Lion,Stellar Sea Lion,0,NA,0,NA,NA,0,0,0,NA
289,Marine Mammal Surveys,Cordova,2001,Stellar Sea Lion,Stellar Sea Lion,NA,NA,NA,NA,NA,3.5,3.5,0.01,NA
290,Marine Mammal Surveys,Cordova,2002,Stellar Sea Lion,Stellar Sea Lion,NA,NA,NA,NA,NA,3.5,3.5,0.01,NA
291,Marine Mammal Surveys,Cordova,2003,Stellar Sea Lion,Stellar Sea Lion,NA,NA,NA,NA,NA,2.7,2.7,0.01,NA
292,Marine Mammal Surveys,Cordova,2004,Stellar Sea Lion,Stellar Sea Lion,NA,NA,NA,NA,NA,2.7,2.7,0.01,NA
293,Marine Mammal Surveys,Cordova,2005,Stellar Sea Lion,Stellar Sea Lion,0,NA,0,NA,NA,0,0,0,NA
294,Marine Mammal Surveys,Cordova,2006,Stellar Sea Lion,Stellar Sea Lion,0,NA,0,NA,NA,0,0,0,NA
295,Marine Mammal Surveys,Cordova,2007,Stellar Sea Lion,Stellar Sea Lion,0.125,NA,0.125,NA,NA,1,1,0,NA
296,Marine Mammal Surveys,Cordova,2008,Stellar Sea Lion,Stellar Sea Lion,0,NA,0,NA,NA,0,0,0,NA
297,Marine Mammal Surveys,Nanwalek,1995,Seal,Harbor Seal,0.923,NA,0.256,NA,NA,23.6,23.6,0.15,NA
298,Marine Mammal Surveys,Nanwalek,1996,Seal,Harbor Seal,0.833,NA,0.167,NA,NA,22.4,22.4,0.15,NA
299,Marine Mammal Surveys,Nanwalek,1997,Seal,Harbor Seal,0.806,NA,0.161,NA,NA,20.2,20.2,0.13,NA
300,Marine Mammal Surveys,Nanwalek,1998,Seal,Harbor Seal,0.914,NA,0.2,NA,NA,30.9,31.9,0.2,NA
301,Marine Mammal Surveys,Nanwalek,2000,Seal,Harbor Seal,0.968,NA,0.258,NA,NA,52.9,56.8,0.32,NA
302,Marine Mammal Surveys,Nanwalek,2001,Seal,Harbor Seal,1,NA,0.146,NA,NA,42.3,43.5,0.26,NA
303,Marine Mammal Surveys,Nanwalek,2002,Seal,Harbor Seal,1,NA,0.178,NA,NA,40,52,0.24,NA
304,Marine Mammal Surveys,Nanwalek,2003,Seal,Harbor Seal,NA,NA,NA,NA,NA,30,33,0.18,NA
305,Marine Mammal Surveys,Nanwalek,2004,Seal,Harbor Seal,1,NA,0.149,NA,NA,30.2,42.7,0.18,NA
306,Marine Mammal Surveys,Nanwalek,2005,Seal,Harbor Seal,1,NA,0.114,NA,NA,20.3,26.7,0.12,NA
307,Marine Mammal Surveys,Nanwalek,2006,Seal,Harbor Seal,1,NA,0.154,NA,NA,23.6,28.7,0.14,NA
308,Marine Mammal Surveys,Nanwalek,2007,Seal,Harbor Seal,0.875,NA,0.15,NA,NA,22.3,28.2,0.14,NA
309,Marine Mammal Surveys,Nanwalek,2008,Seal,Harbor Seal,0.891,NA,0.152,NA,NA,33.7,41.9,0.2,NA
310,Marine Mammal Surveys,Nanwalek,1995,Stellar Sea Lion,Stellar Sea Lion,0.59,NA,0.128,NA,NA,9.2,9.2,0.06,NA
311,Marine Mammal Surveys,Nanwalek,1996,Stellar Sea Lion,Stellar Sea Lion,0.333,NA,0.1,NA,NA,4.3,5.3,0.03,NA
312,Marine Mammal Surveys,Nanwalek,1997,Stellar Sea Lion,Stellar Sea Lion,0.581,NA,0,NA,NA,0,0,0,NA
313,Marine Mammal Surveys,Nanwalek,1998,Stellar Sea Lion,Stellar Sea Lion,0.457,NA,0.057,NA,NA,2.1,2.1,0.01,NA
314,Marine Mammal Surveys,Nanwalek,2000,Stellar Sea Lion,Stellar Sea Lion,0.516,NA,0.097,NA,NA,6.5,6.5,0.04,NA
315,Marine Mammal Surveys,Nanwalek,2001,Stellar Sea Lion,Stellar Sea Lion,0.317,NA,0.049,NA,NA,3.7,3.7,0.02,NA
316,Marine Mammal Surveys,Nanwalek,2002,Stellar Sea Lion,Stellar Sea Lion,0.4,NA,0.022,NA,NA,2,2,0.01,NA
317,Marine Mammal Surveys,Nanwalek,2003,Stellar Sea Lion,Stellar Sea Lion,NA,NA,NA,NA,NA,5,5,0.02,NA
318,Marine Mammal Surveys,Nanwalek,2004,Stellar Sea Lion,Stellar Sea Lion,0.319,NA,0.043,NA,NA,2.1,2.1,0.01,NA
319,Marine Mammal Surveys,Nanwalek,2005,Stellar Sea Lion,Stellar Sea Lion,0.25,NA,0.023,NA,NA,1.1,1.1,0.01,NA
320,Marine Mammal Surveys,Nanwalek,2006,Stellar Sea Lion,Stellar Sea Lion,0.231,NA,0.026,NA,NA,1,1,0.01,NA
321,Marine Mammal Surveys,Nanwalek,2007,Stellar Sea Lion,Stellar Sea Lion,0.175,NA,0.05,NA,NA,4.7,4.7,0.01,NA
322,Marine Mammal Surveys,Nanwalek,2008,Stellar Sea Lion,Stellar Sea Lion,0.239,NA,0.022,NA,NA,1,2,0.01,NA
323,Marine Mammal Surveys,Port Graham,1995,Seal,Harbor Seal,0.879,NA,0.086,NA,NA,23,23,0.14,NA
324,Marine Mammal Surveys,Port Graham,1996,Seal,Harbor Seal,0.561,NA,0.105,NA,NA,15.5,17.7,0.09,NA
325,Marine Mammal Surveys,Port Graham,1997,Seal,Harbor Seal,0.732,NA,0.107,NA,NA,15.8,19,0.1,NA
326,Marine Mammal Surveys,Port Graham,1998,Seal,Harbor Seal,0.902,NA,0.255,NA,NA,52.3,55.9,0.32,NA
327,Marine Mammal Surveys,Port Graham,2000,Seal,Harbor Seal,0.925,NA,0.1,NA,NA,40.2,41.9,0.27,NA
328,Marine Mammal Surveys,Port Graham,2001,Seal,Harbor Seal,0.75,NA,0.179,NA,NA,39.4,47.6,0.26,NA
329,Marine Mammal Surveys,Port Graham,2002,Seal,Harbor Seal,0.75,NA,0.179,NA,NA,39.4,47.6,0.26,NA
330,Marine Mammal Surveys,Port Graham,2003,Seal,Harbor Seal,NA,NA,NA,NA,NA,45,45,0.3,NA
331,Marine Mammal Surveys,Port Graham,2004,Seal,Harbor Seal,0.556,NA,0.111,NA,NA,44.4,47.2,0.29,NA
332,Marine Mammal Surveys,Port Graham,2005,Seal,Harbor Seal,0.538,NA,0.115,NA,NA,63.5,71.9,0.42,NA
333,Marine Mammal Surveys,Port Graham,2006,Seal,Harbor Seal,1,NA,0.296,NA,NA,51,51,0.34,NA
334,Marine Mammal Surveys,Port Graham,2007,Seal,Harbor Seal,0.963,NA,0.111,NA,NA,7.8,9.3,0.05,NA
335,Marine Mammal Surveys,Port Graham,2008,Seal,Harbor Seal,0.719,NA,0.156,NA,NA,16.5,22,0.11,NA
336,Marine Mammal Surveys,Port Graham,1995,Stellar Sea Lion,Stellar Sea Lion,0.603,NA,0.103,NA,NA,10,12,0.06,NA
337,Marine Mammal Surveys,Port Graham,1996,Stellar Sea Lion,Stellar Sea Lion,0.105,NA,0.018,NA,NA,1.1,1.1,0.01,NA
338,Marine Mammal Surveys,Port Graham,1997,Stellar Sea Lion,Stellar Sea Lion,0.214,NA,0,NA,NA,0,0,0,NA
339,Marine Mammal Surveys,Port Graham,1998,Stellar Sea Lion,Stellar Sea Lion,0.078,NA,0.02,NA,NA,1.2,1.2,0.01,NA
340,Marine Mammal Surveys,Port Graham,2000,Stellar Sea Lion,Stellar Sea Lion,0.45,NA,0.025,NA,NA,1.7,5,0.01,NA
341,Marine Mammal Surveys,Port Graham,2001,Stellar Sea Lion,Stellar Sea Lion,0.143,NA,0,NA,NA,0,0,0,NA
342,Marine Mammal Surveys,Port Graham,2002,Stellar Sea Lion,Stellar Sea Lion,0.143,NA,0,NA,NA,0,0,0,NA
343,Marine Mammal Surveys,Port Graham,2003,Stellar Sea Lion,Stellar Sea Lion,NA,NA,NA,NA,NA,1,1,0.01,NA
344,Marine Mammal Surveys,Port Graham,2004,Stellar Sea Lion,Stellar Sea Lion,0.278,NA,0.056,NA,NA,6.9,12.5,0.05,NA
345,Marine Mammal Surveys,Port Graham,2005,Stellar Sea Lion,Stellar Sea Lion,0.038,NA,0,NA,NA,0,0,0,NA
346,Marine Mammal Surveys,Port Graham,2006,Stellar Sea Lion,Stellar Sea Lion,0,NA,0,NA,NA,0,0,0,NA
347,Marine Mammal Surveys,Port Graham,2007,Stellar Sea Lion,Stellar Sea Lion,0.037,NA,0,NA,NA,0,0,0,NA
348,Marine Mammal Surveys,Port Graham,2008,Stellar Sea Lion,Stellar Sea Lion,0.188,NA,0.031,NA,NA,2.8,2.8,0.02,NA
349,Marine Mammal Surveys,Seward,1995,Seal,Harbor Seal,0.137,NA,0.007,NA,NA,10.9,16.4,0.03,NA
350,Marine Mammal Surveys,Seward,1996,Seal,Harbor Seal,0.044,NA,0.009,NA,NA,5.6,5.6,0.01,NA
351,Marine Mammal Surveys,Seward,1997,Seal,Harbor Seal,NA,NA,0,NA,NA,0,0,0,NA
352,Marine Mammal Surveys,Seward,1998,Seal,Harbor Seal,NA,NA,0,NA,NA,0,0,0,NA
353,Marine Mammal Surveys,Seward,2000,Seal,Harbor Seal,0.125,NA,0.063,NA,NA,4,4,0.01,NA
354,Marine Mammal Surveys,Seward,2001,Seal,Harbor Seal,0.533,NA,0,NA,NA,0,0,0,NA
355,Marine Mammal Surveys,Seward,2002,Seal,Harbor Seal,0.511,NA,0.032,NA,NA,3.5,3.5,0.01,NA
356,Marine Mammal Surveys,Seward,2003,Seal,Harbor Seal,NA,NA,NA,NA,NA,0,0,0,NA
357,Marine Mammal Surveys,Seward,2004,Seal,Harbor Seal,0,NA,0,NA,NA,0,0,0,NA
358,Marine Mammal Surveys,Seward,2005,Seal,Harbor Seal,0.333,NA,0,NA,NA,0,0,0,NA
359,Marine Mammal Surveys,Seward,2006,Seal,Harbor Seal,0.333,NA,0,NA,NA,0,0,0,NA
360,Marine Mammal Surveys,Seward,2007,Seal,Harbor Seal,0.667,NA,0,NA,NA,0,0,0,NA
361,Marine Mammal Surveys,Seward,2008,Seal,Harbor Seal,1,NA,0,NA,NA,0,0,0,NA
362,Marine Mammal Surveys,Seward,1995,Stellar Sea Lion,Stellar Sea Lion,0,NA,0,NA,NA,0,0,0,NA
363,Marine Mammal Surveys,Seward,1996,Stellar Sea Lion,Stellar Sea Lion,0.031,NA,0,NA,NA,0,0,0,NA
364,Marine Mammal Surveys,Seward,1997,Stellar Sea Lion,Stellar Sea Lion,NA,NA,0,NA,NA,0,0,0,NA
365,Marine Mammal Surveys,Seward,1998,Stellar Sea Lion,Stellar Sea Lion,NA,NA,NA,NA,NA,0,0,0,NA
366,Marine Mammal Surveys,Seward,2000,Stellar Sea Lion,Stellar Sea Lion,0,NA,0,NA,NA,0,0,0,NA
367,Marine Mammal Surveys,Seward,2001,Stellar Sea Lion,Stellar Sea Lion,0.03,NA,0,NA,NA,0,0,0,NA
368,Marine Mammal Surveys,Seward,2002,Stellar Sea Lion,Stellar Sea Lion,0.029,NA,0,NA,NA,0,0,0,NA
369,Marine Mammal Surveys,Seward,2003,Stellar Sea Lion,Stellar Sea Lion,NA,NA,NA,NA,NA,0,0,0,NA
370,Marine Mammal Surveys,Seward,2004,Stellar Sea Lion,Stellar Sea Lion,0,NA,0,NA,NA,0,0,0,NA
371,Marine Mammal Surveys,Seward,2005,Stellar Sea Lion,Stellar Sea Lion,0,NA,0,NA,NA,0,0,0,NA
372,Marine Mammal Surveys,Seward,2006,Stellar Sea Lion,Stellar Sea Lion,0,NA,0,NA,NA,0,0,0,NA
373,Marine Mammal Surveys,Seward,2007,Stellar Sea Lion,Stellar Sea Lion,0,NA,0,NA,NA,0,0,0,NA
374,Marine Mammal Surveys,Seward,2008,Stellar Sea Lion,Stellar Sea Lion,0,NA,0,NA,NA,0,0,0,NA
375,Marine Mammal Surveys,Tatitlek,1995,Seal,Harbor Seal,0.137,NA,0.007,NA,NA,10.9,16.4,0.03,NA
376,Marine Mammal Surveys,Tatitlek,1996,Seal,Harbor Seal,0.044,NA,0.009,NA,NA,5.6,5.6,0.01,NA
377,Marine Mammal Surveys,Tatitlek,1997,Seal,Harbor Seal,NA,NA,NA,NA,NA,0,0,0,NA
378,Marine Mammal Surveys,Tatitlek,1998,Seal,Harbor Seal,NA,NA,NA,NA,NA,0,0,0,NA
379,Marine Mammal Surveys,Tatitlek,2000,Seal,Harbor Seal,0.125,NA,0.063,NA,NA,4,4,0.01,NA
380,Marine Mammal Surveys,Tatitlek,2001,Seal,Harbor Seal,0.533,NA,0,NA,NA,0,0,0,NA
381,Marine Mammal Surveys,Tatitlek,2002,Seal,Harbor Seal,0.511,NA,0.032,NA,NA,3.5,3.5,0.01,NA
382,Marine Mammal Surveys,Tatitlek,2003,Seal,Harbor Seal,NA,NA,NA,NA,NA,0,0,0,NA
383,Marine Mammal Surveys,Tatitlek,2004,Seal,Harbor Seal,0,NA,0,NA,NA,0,0,0,NA
384,Marine Mammal Surveys,Tatitlek,2005,Seal,Harbor Seal,0.333,NA,0.333,NA,NA,0,0,0,NA
385,Marine Mammal Surveys,Tatitlek,2006,Seal,Harbor Seal,0.333,NA,0,NA,NA,0,0,0,NA
386,Marine Mammal Surveys,Tatitlek,2007,Seal,Harbor Seal,0.667,NA,0.667,NA,NA,0,0,0,NA
387,Marine Mammal Surveys,Tatitlek,2008,Seal,Harbor Seal,1,NA,1,NA,NA,0,0,0,NA
388,Marine Mammal Surveys,Tatitlek,1995,Stellar Sea Lion,Stellar Sea Lion,0.368,NA,0.053,NA,NA,2.6,2.6,0.04,NA
389,Marine Mammal Surveys,Tatitlek,1996,Stellar Sea Lion,Stellar Sea Lion,0.522,NA,0.13,NA,NA,5,5,0.07,NA
390,Marine Mammal Surveys,Tatitlek,1997,Stellar Sea Lion,Stellar Sea Lion,0.474,NA,0.053,NA,NA,2.7,4.1,0.04,NA
391,Marine Mammal Surveys,Tatitlek,1998,Stellar Sea Lion,Stellar Sea Lion,0.526,NA,0.211,NA,NA,15.1,21.9,0.17,NA
392,Marine Mammal Surveys,Tatitlek,2000,Stellar Sea Lion,Stellar Sea Lion,0.429,NA,0.071,NA,NA,1.9,1.9,0.02,NA
393,Marine Mammal Surveys,Tatitlek,2001,Stellar Sea Lion,Stellar Sea Lion,0.368,NA,0.105,NA,NA,6.3,6.3,0.07,NA
394,Marine Mammal Surveys,Tatitlek,2002,Stellar Sea Lion,Stellar Sea Lion,0.067,NA,0,NA,NA,0,0,0,NA
395,Marine Mammal Surveys,Tatitlek,2003,Stellar Sea Lion,Stellar Sea Lion,0.667,NA,0.167,NA,NA,12.4,13.5,0.14,NA
396,Marine Mammal Surveys,Tatitlek,2004,Stellar Sea Lion,Stellar Sea Lion,0.789,NA,0.421,NA,NA,26.3,36.6,0.29,NA
397,Marine Mammal Surveys,Tatitlek,2005,Stellar Sea Lion,Stellar Sea Lion,0.9,NA,0.25,NA,NA,39,48.1,0.43,NA
398,Marine Mammal Surveys,Tatitlek,2006,Stellar Sea Lion,Stellar Sea Lion,0.6,NA,0.133,NA,NA,16,24,0.18,NA
399,Marine Mammal Surveys,Tatitlek,2007,Stellar Sea Lion,Stellar Sea Lion,0.824,NA,0.412,NA,NA,41.3,49.2,0.45,NA
400,Marine Mammal Surveys,Tatitlek,2008,Stellar Sea Lion,Stellar Sea Lion,0.55,NA,0.2,NA,NA,16.5,19.8,0.18,NA
401,Marine Mammal Surveys,Valdez,1995,Seal,Harbor Seal,NA,NA,NA,NA,NA,16.8,16.8,0.64,NA
402,Marine Mammal Surveys,Valdez,1996,Seal,Harbor Seal,NA,NA,NA,NA,NA,13.5,18,0.04,NA
403,Marine Mammal Surveys,Valdez,1997,Seal,Harbor Seal,NA,NA,NA,NA,NA,12.5,12.5,0.03,NA
404,Marine Mammal Surveys,Valdez,1998,Seal,Harbor Seal,NA,NA,NA,NA,NA,41.7,50,0.11,NA
405,Marine Mammal Surveys,Valdez,2000,Seal,Harbor Seal,NA,NA,NA,NA,NA,41.7,50,0.11,NA
406,Marine Mammal Surveys,Valdez,2001,Seal,Harbor Seal,NA,NA,NA,NA,NA,18,19,0.04,NA
407,Marine Mammal Surveys,Valdez,2002,Seal,Harbor Seal,NA,NA,NA,NA,NA,44,50,0.11,NA
408,Marine Mammal Surveys,Valdez,2003,Seal,Harbor Seal,NA,NA,NA,NA,NA,60,65,0.15,NA
409,Marine Mammal Surveys,Valdez,2004,Seal,Harbor Seal,NA,NA,NA,NA,NA,58,58,0.14,NA
410,Marine Mammal Surveys,Valdez,2005,Seal,Harbor Seal,1,NA,1,NA,NA,63,69,0.15,NA
411,Marine Mammal Surveys,Valdez,2006,Seal,Harbor Seal,1,NA,1,NA,NA,63,69,0.15,NA
412,Marine Mammal Surveys,Valdez,2007,Seal,Harbor Seal,0,NA,0,NA,NA,0,0,0,NA
413,Marine Mammal Surveys,Valdez,2008,Seal,Harbor Seal,1,NA,1,NA,NA,24,24,0.06,NA
414,Marine Mammal Surveys,Valdez,1995,Stellar Sea Lion,Stellar Sea Lion,NA,NA,NA,NA,NA,0,0,0,NA
415,Marine Mammal Surveys,Valdez,1996,Stellar Sea Lion,Stellar Sea Lion,NA,NA,NA,NA,NA,0,0,0,NA
416,Marine Mammal Surveys,Valdez,1997,Stellar Sea Lion,Stellar Sea Lion,NA,NA,NA,NA,NA,0,0,0,NA
417,Marine Mammal Surveys,Valdez,1998,Stellar Sea Lion,Stellar Sea Lion,NA,NA,NA,NA,NA,1.7,3.3,0,NA
418,Marine Mammal Surveys,Valdez,2000,Stellar Sea Lion,Stellar Sea Lion,NA,NA,NA,NA,NA,1.7,3.3,0,NA
419,Marine Mammal Surveys,Valdez,2001,Stellar Sea Lion,Stellar Sea Lion,NA,NA,NA,NA,NA,0,0,0,NA
420,Marine Mammal Surveys,Valdez,2002,Stellar Sea Lion,Stellar Sea Lion,NA,NA,NA,NA,NA,0,0,0,NA
421,Marine Mammal Surveys,Valdez,2003,Stellar Sea Lion,Stellar Sea Lion,NA,NA,NA,NA,NA,0,0,0,NA
422,Marine Mammal Surveys,Valdez,2004,Stellar Sea Lion,Stellar Sea Lion,NA,NA,NA,NA,NA,0,0,0,NA
423,Marine Mammal Surveys,Valdez,2005,Stellar Sea Lion,Stellar Sea Lion,NA,NA,NA,NA,NA,0,0,0,NA
424,Marine Mammal Surveys,Valdez,2006,Stellar Sea Lion,Stellar Sea Lion,NA,NA,NA,NA,NA,0,0,0,NA
425,Marine Mammal Surveys,Valdez,2007,Stellar Sea Lion,Stellar Sea Lion,NA,NA,NA,NA,NA,0,0,0,NA
426,Marine Mammal Surveys,Valdez,2008,Stellar Sea Lion,Stellar Sea Lion,NA,NA,NA,NA,NA,0,0,0,NA