"","Forest","Project_Name","Site_Year_Code","Taxa_lvl1","Taxa_lvl2","Taxa_lvl3","Taxa_lvl4","Taxa_lvl5","Resource_Code","Resource_Name","Sampled_households","Est_Num_Community_Households","Sampled_Population","Est_Comm_Population","Most_Rep_Year","Conversion_Units_To_Pounds","Resource_Harvest_Units","Percent_Using","Percent_Attempting_to_Harvest","Percent_Harvesting","Percent_Receiving","Percent_Giving","Reported_Pounds_Harvested","Estimated_Total_Pounds_Harvested","Lower_Pounds_Harvested","Upper_Pounds_Harvested","Mean_Pounds_Per_Household","Percapita_Pounds_Harvested","Number_Of_Resource_Harvested","Estimated_Amount_Harvested","Percent_Of_Total_Harvest","Mean_Grams_Per_Capita_Use","Mean_Pounds_Per_Capita_Use","Mean_Grams_Percapita_Harvest"
"1","Tongass","Southeast Timber 1984/1985","Angoon_1984","Vegetation","Vegetation","Berries","Berries","Berries",601000000,"Berries",38,145,163,622,"No",1,"Quarts",0.71099997,0.632,0.632,0.237,0.368,425,1621,782,2460,11.18,2.61,425,1622,0.00012054823,4.5618553,3.670886,3.243479
"2","Tongass","Tongass Resource Use Cooperative Study 1987","Angoon_1987","Vegetation","Vegetation","Berries","Berries","Berries",601000000,"Berries",46,139,193,520.8,"No",1.5,"Quarts",0.916,NA,0.708,0.347,0.146,NA,2128,1389,2867,15.258,4.09,NA,1419,0.00016729296,5.5487924,4.465066,5.0826936
"3","Tongass","Southeast Harvest Update 1996","Angoon_1996","Vegetation","Vegetation","Berries","Berries","Berries",601000000,"Berries",74,161,267,580.9,"No",NA,"Quarts",0.311,0.35099998,0.284,0.068,0.054,453.5,987,575,1399,6.13,1.7,303,659,7.569889e-05,6.7929616,5.466238,2.112611
"4","Tongass","Tongass Resource Use Cooperative Study 1987","Beecher Pass_1987","Vegetation","Vegetation","Berries","Berries","Berries",601000000,"Berries",5,17,13,44.2,"Yes",1.5,"Quarts",0.8,NA,0.8,0.2,0.2,159,541,-222,1304,31.8,12.24,106,360,0.000256617,19.013498,15.299999,15.210798
"5","Tongass","Tongass Resource Use Cooperative Study 1987","Coffman Cove_1987","Vegetation","Vegetation","Berries","Berries","Berries",601000000,"Berries",41,66,120,185.9,"No",1.5,"Quarts",0.50200003,NA,0.485,0.046,0.12100001,NA,751,331,1170,11.325,4.04,NA,500,0.00022029922,10.001111,8.047809,5.020558
"6","Tongass","Prince of Wales 1998/1999","Coffman Cove_1998","Vegetation","Vegetation","Berries","Berries","Berries",601000000,"Berries",50,75,142,213,"Yes",NA,"Quarts",0.82,0.82,0.82,0.2,0.22,1134.19,1701,1235,2167,22.68,7.99,761,1142,0.0002891972,12.108868,9.743902,9.929272
"7","Tongass","Tongass Resource Use Cooperative Study 1987","Craig_1987","Vegetation","Vegetation","Berries","Berries","Berries",601000000,"Berries",64,365,213,1182.3,"No",1.5,"Quarts",0.465,NA,0.4,0.129,0.162,NA,3267,1996,4538,8.953,2.76,NA,2178,0.00014905489,7.376099,5.935484,3.429886
"8","Tongass","Prince of Wales 1997/1998","Craig_1997","Vegetation","Vegetation","Berries","Berries","Berries",601000000,"Berries",173,608,502,1764.3,"Yes",NA,"Quarts",0.618,0.584,0.584,0.15,0.24299999,5939.44,20874,16519,25229,34.33,11.83,3975.5,13972,0.00051295786,23.78849,19.142395,14.701286
"9","Tongass","Tongass Resource Use Cooperative Study 1987","Edna Bay_1987","Vegetation","Vegetation","Berries","Berries","Berries",601000000,"Berries",20,21,66,69.3,"No",1.5,"Quarts",0.9,NA,0.85,0.35,0.5,891,936,861,1011,44.55,13.51,594,624,0.00028206364,18.654493,15.011111,16.789043
"10","Tongass","Prince of Wales 1998/1999","Edna Bay_1998","Vegetation","Vegetation","Berries","Berries","Berries",601000000,"Berries",12,17,37,52.4,"Yes",NA,"Quarts",0.833,0.833,0.833,0.333,0.25,950,1346,751,1941,79.17,25.68,656,929,0.00067001843,38.310745,30.828331,31.912853
"11","Tongass","Tongass Resource Use Cooperative Study 1987","Elfin Cove_1987","Vegetation","Vegetation","Berries","Berries","Berries",601000000,"Berries",13,19,41,59.9,"Yes",1.5,"Quarts",0.92300004,NA,0.92300004,0.538,0.231,477,697,444,950,36.692,11.64,318,465,0.00044352526,15.671908,12.611051,14.465172
"12","Tongass","Southeast Harvest Update 1996","Game Creek_1996","Vegetation","Vegetation","Berries","Berries","Berries",601000000,"Berries",12,15,51,63.8,"Yes",NA,"Quarts",1,0.917,0.917,0.417,0.5,829.5,1037,756,1318,69.13,16.26,553,691,0.0008688731,20.206503,16.26,20.206503
"13","Tongass","Tongass Resource Use Cooperative Study 1987","Gustavus_1987","Vegetation","Vegetation","Berries","Berries","Berries",601000000,"Berries",35,65,91,152.3,"Yes",1.5,"Quarts",0.88199997,NA,0.88199997,0.273,0.36900002,NA,1195,873,1517,18.522,7.84,NA,796,0.00032578173,11.046332,8.888889,9.742865
"14","Tongass","Haines/Klukwan 1983","Haines_1983","Vegetation","Vegetation","Berries","Berries","Berries",601000000,"Berries",147,660,425,1908.2,"No",1,"lb.",0.708,NA,0.708,NA,NA,2245,10078,7954,12202,15.27,5.28,2245,10080,0.00041986592,9.267685,7.4576273,6.5615215
"15","Tongass","Tongass Resource Use Cooperative Study 1987","Haines_1987","Vegetation","Vegetation","Berries","Berries","Berries",601000000,"Berries",62,608,181,1622.6,"No",1.5,"Quarts",0.508,NA,0.431,0.231,0.233,NA,5167,2032,8302,8.495,3.18,NA,3445,0.00032718063,7.779184,6.259843,3.9518254
"16","Tongass","Southeast Harvest Update 1996","Haines_1996","Vegetation","Vegetation","Berries","Berries","Berries",601000000,"Berries",92,787,254,2172.8,"No",NA,"Quarts",0.796,0.731,0.72,0.269,0.269,2989.5,25330,17826,32834,32.15,11.77,2018,17099,0.0006010488,18.375282,14.786433,14.626724
"17","Tongass","Tongass Resource Use Cooperative Study 1987","Hollis_1987","Vegetation","Vegetation","Berries","Berries","Berries",601000000,"Berries",29,32,72,79.4,"No",1.5,"Quarts",0.525,NA,0.525,0.091000006,0.131,NA,536,-9,-9,16.697,6.75,NA,357,0.0003694768,15.97773,12.857142,8.388309
"18","Tongass","Prince of Wales 1998/1999","Hollis_1998","Vegetation","Vegetation","Berries","Berries","Berries",601000000,"Berries",46,59,121,155.2,"Yes",NA,"Quarts",0.674,0.65199995,0.65199995,0.087,0.19600001,587.88,754,611,897,12.78,4.86,392.3,503,0.0002870085,8.960804,7.2106824,6.0395823
"19","Tongass","Southeast Timber 1985/1986","Hoonah_1985","Vegetation","Vegetation","Berries","Berries","Berries",601000000,"Berries",71,280,227,895.2,"No",1,"Quarts",0.676,NA,0.66199994,NA,NA,1837,7244,4535,9953,25.87,8.09,1837,7245,0.00038528637,14.872106,11.967456,10.053543
"20","Tongass","Tongass Resource Use Cooperative Study 1987","Hoonah_1987","Vegetation","Vegetation","Berries","Berries","Berries",601000000,"Berries",62,219,222,699.8,"No",1.5,"Quarts",0.79300004,NA,0.69699997,0.338,0.33900002,NA,6222,4344,8100,28.404,8.89,NA,4148,0.00023098597,13.931541,11.210592,11.047713
"21","Tongass","Southeast Harvest Update 1996","Hoonah_1996","Vegetation","Vegetation","Berries","Berries","Berries",601000000,"Berries",77,280,245,890.9,"No",NA,"Quarts",0.753,0.714,0.714,0.24700001,0.42900002,6033.87,21941,13742,30141,78.36,24.63,4112.5,14955,0.0006619641,40.64808,32.70916,30.608004
"22","Tongass","Tongass Resource Use Cooperative Study 1987","Hydaburg_1987","Vegetation","Vegetation","Berries","Berries","Berries",601000000,"Berries",35,110,129,379.1,"No",1.5,"Quarts",0.62700003,NA,0.522,0.284,0.103999995,NA,2300,1442,3157,20.905,6.07,NA,1533,0.00018038791,12.030724,9.681021,7.543264
"23","Tongass","Prince of Wales 1997/1998","Hydaburg_1997","Vegetation","Vegetation","Berries","Berries","Berries",601000000,"Berries",51,131,155,398.1,"No",NA,"Quarts",0.745,0.608,0.608,0.275,0.314,1797.25,4616,3177,6056,35.24,11.45,1205,3095,0.00029804875,19.099403,15.369127,14.229056
"24","Tongass","Tongass Resource Use Cooperative Study 1987","Hyder_1987","Vegetation","Vegetation","Berries","Berries","Berries",601000000,"Berries",33,39,66,77.9,"Yes",1.5,"Quarts",0.667,NA,0.515,0.152,0.091000006,429,507,395,619,13,6.51,286,338,0.00018854592,12.129023,9.76012,8.090057
"25","Tongass","Southeast Timber 1985/1986","Kake_1985","Vegetation","Vegetation","Berries","Berries","Berries",601000000,"Berries",70,171,256,625.4,"No",1,"Quarts",0.7,NA,0.65699995,NA,NA,1433,3500,2405,4595,20.47,5.6,1433,3501,0.00025728863,9.941698,8,6.959189
"26","Tongass","Tongass Resource Use Cooperative Study 1987","Kake_1987","Vegetation","Vegetation","Berries","Berries","Berries",601000000,"Berries",52,193,192,642,"No",1.5,"Quarts",0.797,NA,0.69699997,0.32299998,0.215,NA,6805,-481,14090,35.339,10.6,NA,4537,0.00065094075,16.52792,13.299875,13.172751
"27","Tongass","Southeast Harvest Update 1996","Kake_1996","Vegetation","Vegetation","Berries","Berries","Berries",601000000,"Berries",73,249,219,747,"Yes",NA,"Quarts",0.84900004,0.699,0.65800005,0.37,0.205,1276,4352,3281,5423,17.48,5.83,856,2920,0.00032527617,8.533584,6.866902,7.2450128
"28","Tongass","Tongass Resource Use Cooperative Study 1987","Kasaan_1987","Vegetation","Vegetation","Berries","Berries","Berries",601000000,"Berries",14,14,40,40,"No",1.5,"Quarts",0.643,NA,0.643,0.071,0.214,126,126,126,126,9,3.15,84,84,0.00017345816,6.0879374,4.8989115,3.9145439
"29","Tongass","Prince of Wales 1998/1999","Kasaan_1998","Vegetation","Vegetation","Berries","Berries","Berries",601000000,"Berries",14,18,34,43.7,"Yes",NA,"Quarts",0.857,0.857,0.857,0.214,0.5,520.62,669,467,872,37.19,15.31,354.5,456,0.00033859705,22.200615,17.864645,19.025927
"30","Tongass","Southeast Timber 1984/1985","Klawock_1984","Vegetation","Vegetation","Berries","Berries","Berries",601000000,"Berries",36,131,130,473.1,"No",1,"Quarts",0.694,0.694,0.694,0.139,0.19399999,493,1793,1169,2417,13.69,3.79,493,1794,0.00016970489,6.78657,5.461095,4.70988
"31","Tongass","Tongass Resource Use Cooperative Study 1987","Klawock_1987","Vegetation","Vegetation","Berries","Berries","Berries",601000000,"Berries",52,224,198,790.3,"No",1.5,"Quarts",0.52599996,NA,0.492,0.177,0.147,NA,2913,1856,3969,12.994,3.69,NA,1942,0.00014945513,8.717887,7.0152097,4.5856085
"32","Tongass","Prince of Wales 1997/1998","Klawock_1997","Vegetation","Vegetation","Berries","Berries","Berries",601000000,"Berries",106,303,295,847.3,"Yes",NA,"Quarts",0.679,0.59400004,0.59400004,0.20799999,0.21700001,4027,11511,7825,15198,37.99,13.6,2708.5,7742,0.0004246489,24.89085,20.029455,16.900888
"33","Tongass","Haines/Klukwan 1983","Klukwan_1983","Vegetation","Vegetation","Berries","Berries","Berries",601000000,"Berries",33,41,124,154.1,"No",1,"lb.",0.636,NA,0.636,NA,NA,590,733,576,890,17.88,4.76,590,733,0.00027965358,9.300803,7.4842772,5.915311
"34","Tongass","Tongass Resource Use Cooperative Study 1987","Klukwan_1987","Vegetation","Vegetation","Berries","Berries","Berries",601000000,"Berries",29,39,101,133.4,"No",1.5,"Quarts",0.71,NA,0.685,0.33,0.31,NA,945,385,1504,24.057,7.08,NA,630,0.00029744106,12.3921175,9.971831,8.798403
"35","Tongass","Southeast Harvest Update 1996","Klukwan_1996","Vegetation","Vegetation","Berries","Berries","Berries",601000000,"Berries",32,36,96,108,"Yes",NA,"Quarts",0.935,0.871,0.871,0.774,0.774,2252.5,2616,2036,3195,72.66,23.46,1562,1814,0.00038614825,31.18078,25.090908,29.15403
"36","Tongass","Tongass Resource Use Cooperative Study 1987","Metlakatla_1987","Vegetation","Vegetation","Berries","Berries","Berries",601000000,"Berries",64,418,255,1554.2,"Yes",1.5,"Quarts",0.625,NA,0.477,0.216,0.21,NA,2775,970,4581,6.635,1.79,NA,1850,0.00025454978,3.559128,2.8639998,2.224455
"37","Tongass","Tongass Resource Use Cooperative Study 1987","Meyers Chuck_1987","Vegetation","Vegetation","Berries","Berries","Berries",601000000,"Berries",10,10,30,30,"Yes",1.5,"Quarts",0.8,NA,0.8,0.1,0.2,325.5,325,325,325,32.55,10.83,217,217,0.000261759,16.823217,13.5375,13.458574
"38","Tongass","Prince of Wales 1998/1999","Naukati Bay_1998","Vegetation","Vegetation","Berries","Berries","Berries",601000000,"Berries",50,66,111,146.5,"Yes",NA,"Quarts",0.68,0.64,0.64,0.14,0.1,876.75,1157,952,1362,17.54,7.9,588,776,0.00032694696,14.437393,11.617647,9.817428
"39","Tongass","Tongass Resource Use Cooperative Study 1987","Pelican_1987","Vegetation","Vegetation","Berries","Berries","Berries",601000000,"Berries",48,82,148,238.4,"Yes",1.5,"Quarts",0.79800004,NA,0.73,0.306,0.274,NA,1627,-9,-9,19.762,6.8,NA,1085,0.00019137349,10.589528,8.521303,8.450444
"40","Tongass","Tongass Resource Use Cooperative Study 1987","Petersburg_1987","Vegetation","Vegetation","Berries","Berries","Berries",601000000,"Berries",49,1123,166,3738.8,"No",1.5,"Quarts",0.593,NA,0.56,0.18100001,0.305,NA,15796,6936,24657,14.067,4.22,NA,10531,0.00021373443,8.843585,7.1163573,5.2442455
"41","Tongass","Tongass Resource Use Cooperative Study 1987","Point Baker_1987","Vegetation","Vegetation","Berries","Berries","Berries",601000000,"Berries",19,19,35,35,"No",1.5,"Quarts",0.78900003,NA,0.632,0.26299998,0.158,625.5,625,625,625,32.921,17.86,417,417,0.00051669974,28.130346,22.63625,22.194843
"42","Tongass","Southeast Harvest Update 1996","Point Baker_1996","Vegetation","Vegetation","Berries","Berries","Berries",601000000,"Berries",16,19,40,47.5,"Yes",NA,"Quarts",0.938,0.875,0.875,0.188,0.25,420,499,403,595,26.25,10.5,287.5,341,0.00036404756,13.910958,11.19403,13.048479
"43","Tongass","Tongass Resource Use Cooperative Study 1987","Port Alexander_1987","Vegetation","Vegetation","Berries","Berries","Berries",601000000,"Berries",34,37,98,106.6,"Yes",1.5,"Quarts",0.85800004,NA,0.79800004,0.235,0.292,NA,1699,1569,1829,46.092,15.94,NA,1133,0.0005114081,23.08722,18.578087,19.808834
"44","Tongass","Tongass Resource Use Cooperative Study 1987","Port Protection_1987","Vegetation","Vegetation","Berries","Berries","Berries",601000000,"Berries",25,27,54,58.3,"No",1.5,"Quarts",0.76,NA,0.72,0.2,0.2,580.5,627,516,738,23.22,10.75,387,418,0.0003530803,17.577839,14.144737,13.359158
"45","Tongass","Southeast Harvest Update 1996","Port Protection_1996","Vegetation","Vegetation","Berries","Berries","Berries",601000000,"Berries",25,40,25,97.5,"Yes",NA,"Quarts",0.84,0.84,0.84,0.24,0.36,1305.25,2088,1305,2871,52.21,21.4,891.5,1426,0.00047450233,31.659575,25.47619,26.594044
"46","Tongass","Tongass Resource Use Cooperative Study 1987","Saxman_1987","Vegetation","Vegetation","Berries","Berries","Berries",601000000,"Berries",36,76,127,258.7,"No",1.5,"Quarts",0.613,NA,0.5,0.17899999,0.113000005,NA,624,389,859,8.199,2.41,NA,416,0.0002579365,4.8857045,3.9314847,2.9949367
"47","Tongass","Tongass Resource Use Cooperative Study 1987","Sitka_1987","Vegetation","Vegetation","Berries","Berries","Berries",601000000,"Berries",296,2871,831,8060.7,"No",1.5,"Quarts",0.557,NA,0.557,0,0,3544.5,34379,27053,41705,11.975,4.27,2363,22920,0.00029403061,9.526717,7.666068,5.3063817
"48","Tongass","Southeast Harvest Update 1996","Sitka_1996","Vegetation","Vegetation","Berries","Berries","Berries",601000000,"Berries",150,3053,431,8535,"No",NA,"Quarts",0.621,0.564,0.56,0.16,0.221,NA,47891,36742,59039,15.69,5.61,NA,32145,0.0002736985,11.226436,9.033817,6.9716163
"49","Tongass","Tongass Resource Use Cooperative Study 1987","Skagway_1987","Vegetation","Vegetation","Berries","Berries","Berries",601000000,"Berries",60,204,164,582.6,"Yes",1.5,"Quarts",0.353,NA,0.307,0.152,0.098000005,NA,829,467,1192,4.067,1.42,NA,553,0.00029580732,4.999013,4.0226626,1.7646514
"50","Tongass","Southeast Timber 1984/1985","Tenakee Springs_1984","Vegetation","Vegetation","Berries","Berries","Berries",601000000,"Berries",24,47,48,94,"No",1,"Quarts",0.833,0.833,0.833,0.125,0.25,158,309,171,447,6.58,3.29,158,309,0.0001316294,4.908191,3.9495797,4.0885234
"51","Tongass","Tongass Resource Use Cooperative Study 1987","Tenakee Springs_1987","Vegetation","Vegetation","Berries","Berries","Berries",601000000,"Berries",31,44,66,94.7,"Yes",1.5,"Quarts",0.742,NA,0.677,0.258,0.19399999,NA,718,476,960,16.143,7.58,NA,479,0.0002298777,12.695094,10.215633,9.41976
"52","Tongass","Tongass Resource Use Cooperative Study 1987","Thorne Bay_1987","Vegetation","Vegetation","Berries","Berries","Berries",601000000,"Berries",52,157,163,478.5,"No",1.5,"Quarts",0.551,NA,0.511,0.159,0.094,NA,1339,567,2111,8.556,2.8,NA,893,0.00014808998,6.3150535,5.08167,3.4795945
"53","Tongass","Prince of Wales 1998/1999","Thorne Bay_1998","Vegetation","Vegetation","Berries","Berries","Berries",601000000,"Berries",89,204,226,518,"Yes",NA,"Quarts",0.49400002,0.49400002,0.49400002,0.034,0.111999996,1058.44,2426,1640,3212,11.89,4.68,707.5,1622,0.0002613098,11.773064,9.473683,5.8158937
"54","Tongass","Tongass Resource Use Cooperative Study 1987","Whale Pass_1987","Vegetation","Vegetation","Berries","Berries","Berries",601000000,"Berries",18,18,51,51,"No",1.5,"Quarts",0.72199994,NA,0.667,0.111,0.333,187.5,188,188,188,10.417,3.69,125,125,0.0002058244,6.3512588,5.1108036,4.5856085
"55","Tongass","Prince of Wales 1998/1999","Whale Pass_1998","Vegetation","Vegetation","Berries","Berries","Berries",601000000,"Berries",15,20,41,54.7,"No",NA,"Quarts",0.8,0.8,0.8,0.067,0.2,429.5,573,358,787,28.63,10.48,289,385,0.00056670955,16.279531,13.099999,13.023624
"56","Tongass","Southeast Harvest Update 1996","Whitestone_1996","Vegetation","Vegetation","Berries","Berries","Berries",601000000,"Berries",24,41,83,141.8,"Yes",NA,"Quarts",0.5,0.5,0.5,0,0.083000004,395,675,391,959,16.46,4.76,264,451,0.00026685116,11.830622,9.52,5.915311
"57","Tongass","Tongass Resource Use Cooperative Study 1987","Wrangell_1987","Vegetation","Vegetation","Berries","Berries","Berries",601000000,"Berries",75,1013,211,2839,"No",1.5,"Quarts",0.655,NA,0.575,0.23200001,0.23200001,NA,9601,5840,13361,9.479,3.38,NA,6400,0.00021790147,6.4127755,5.1603055,4.200368
"58","Tongass","Southeast Timber 1984/1985","Yakutat_1984","Vegetation","Vegetation","Berries","Berries","Berries",601000000,"Berries",50,181,150,543,"No",1,"Quarts",0.94,0.88,0.88,0.4,0.5,1294,4684,3367,6001,25.88,8.63,1294,4684,0.00023369287,11.409157,9.180851,10.724607
"59","Tongass","Tongass Resource Use Cooperative Study 1987","Yakutat_1987","Vegetation","Vegetation","Berries","Berries","Berries",601000000,"Berries",48,169,184,588.8,"No",1.5,"Quarts",0.84699994,NA,0.80300003,0.254,0.37,NA,6865,4370,9360,40.588,11.66,NA,4577,0.00029311926,17.10747,13.766234,14.4900255
"60","Tongass","Yakutat Household Survey 2000","Yakutat_2000","Vegetation","Vegetation","Berries","Berries","Berries",601000000,"Berries",139,234,377,634.7,"Yes",NA,"Quarts",0.942,0.856,0.856,0.59,0.59,7896.78,13294,11611,14977,56.81,20.95,5327.5,8969,0.00054334634,27.63782,22.239916,0
"61","Tongass","Index Communities Year 2 (Southeast AK)","Angoon_2012","Vegetation","Vegetation","Berries","Berries","Blueberry",601002000,"Blueberry",51,122,143,342.1,"Yes",4,"Gal.",0.64699996,0.569,0.52900004,0.216,0.275,682.5,1734.7,682.5,3252.5625,14.2,5.1,170.6,433.7,0.027999999,9.7,7.8,6.3
"62","Tongass","Index Communities Year 2 (Southeast AK)","Angoon_2012","Vegetation","Vegetation","Berries","Berries","High Bush Cranberry",601006000,"High Bush Cranberry",51,122,143,342.1,"Yes",4,"Gal.",0.039,0.039,0.039,0,0,4.3,10.2,4.3,24.9186,0.1,0,1.1,2.5,0,0.9,0.8,0
"63","Tongass","Index Communities Year 2 (Southeast AK)","Angoon_2012","Vegetation","Vegetation","Berries","Berries","Gooseberry",601010000,"Gooseberry",51,122,143,342.1,"Yes",4,"Gal.",0.02,0.02,0.02,0,0.02,8,19.1,8,48.3612,0.2,0.1,2,4.8,0,3.5,2.9,0.1
"64","Tongass","Index Communities Year 2 (Southeast AK)","Angoon_2012","Vegetation","Vegetation","Berries","Berries","Huckleberry",601014000,"Huckleberry",51,122,143,342.1,"Yes",4,"Gal.",0.45099998,0.471,0.45099998,0.059,0.235,207.3,505.7,251.3329,760.06714,4.1,1.5,51.8,126.4,0.008,4.1,3.3,1.8
"65","Tongass","Index Communities Year 2 (Southeast AK)","Angoon_2012","Vegetation","Vegetation","Berries","Berries","Raspberry",601020000,"Raspberry",51,122,143,342.1,"Yes",4,"Gal.",0.176,0.157,0.157,0.039,0.059,41.3,100.7,41.3,171.5928,0.8,0.3,10.3,25.2,0.002,2.1,1.7,0.4
"66","Tongass","Index Communities Year 2 (Southeast AK)","Angoon_2012","Vegetation","Vegetation","Berries","Berries","Salmonberry",601022000,"Salmonberry",51,122,143,342.1,"Yes",4,"Gal.",0.569,0.549,0.52900004,0.098000005,0.157,264.5,672.3,332.78848,1011.8115,5.5,2,66.1,168.1,0.011,4.3,3.5,2.4
"67","Tongass","Index Communities Year 2 (Southeast AK)","Angoon_2012","Vegetation","Vegetation","Berries","Berries","Strawberry",601026000,"Strawberry",51,122,143,342.1,"Yes",4,"Gal.",0.176,0.176,0.176,0.02,0,23,55,23,88.495,0.5,0.2,5.8,13.8,0.001,1.1,0.9,0.2
"68","Tongass","Index Communities Year 2 (Southeast AK)","Angoon_2012","Vegetation","Vegetation","Berries","Berries","Thimbleberry",601028000,"Thimbleberry",51,122,143,342.1,"Yes",4,"Gal.",0.19600001,0.176,0.176,0.039,0.059,17.5,42.7,17.5,68.9178,0.4,0.1,4.4,10.7,0.001,0.8,0.6,0.2
"69","Tongass","Index Communities Year 2 (Southeast AK)","Haines_2012","Vegetation","Vegetation","Berries","Berries","Blueberry",601002000,"Blueberry",132,818,310,1921.1,"Yes",4,"Gal.",0.667,0.629,0.606,0.145,0.176,1039.1,6439.4,4578.413,8300.387,7.9,3.4,259.8,1609.9,0.025,6.2,5,4.2
"70","Tongass","Index Communities Year 2 (Southeast AK)","Haines_2012","Vegetation","Vegetation","Berries","Berries","Low Bush Cranberry",601004000,"Low Bush Cranberry",132,818,310,1921.1,"Yes",4,"Gal.",0.061,0.045,0.038,0.023,0.008,21,130.1,21,275.812,0.2,0.1,5.3,32.5,0.001,1.4,1.1,0.1
"71","Tongass","Index Communities Year 2 (Southeast AK)","Haines_2012","Vegetation","Vegetation","Berries","Berries","High Bush Cranberry",601006000,"High Bush Cranberry",132,818,310,1921.1,"Yes",4,"Gal.",0.32599998,0.288,0.28,0.069,0.069,441.1,2754.5,1682.9994,3826.0005,3.4,1.4,110.3,688.6,0.011,5.5,4.4,1.8
"72","Tongass","Index Communities Year 2 (Southeast AK)","Haines_2012","Vegetation","Vegetation","Berries","Berries","Crowberry",601007000,"Crowberry",132,818,310,1921.1,"Yes",4,"Gal.",0.015,0.015,0.015,0,0,2,12.4,2,28.2224,0,0,0.5,3.1,0,0.5,0.4,0
"73","Tongass","Index Communities Year 2 (Southeast AK)","Haines_2012","Vegetation","Vegetation","Berries","Berries","Elderberry",601008000,"Elderberry",132,818,310,1921.1,"Yes",4,"Gal.",0.008,0.008,0.008,0,0.008,20,123.9,20,348.4068,0.2,0.1,5,31,0,10.6,8.5,0.1
"74","Tongass","Index Communities Year 2 (Southeast AK)","Haines_2012","Vegetation","Vegetation","Berries","Berries","Gooseberry",601010000,"Gooseberry",132,818,310,1921.1,"Yes",4,"Gal.",0.008,0.008,0,0,0.008,0,0,NA,NA,0,0,0,0,0,0,0,0
"75","Tongass","Index Communities Year 2 (Southeast AK)","Haines_2012","Vegetation","Vegetation","Berries","Berries","Currants",601012000,"Currants",132,818,310,1921.1,"Yes",4,"Gal.",0.106000006,0.106000006,0.098000005,0.008,0.023,94.4,589.3,94.4,1248.7266,0.7,0.3,23.6,147.3,0.002,3.6,2.9,0.4
"76","Tongass","Index Communities Year 2 (Southeast AK)","Haines_2012","Vegetation","Vegetation","Berries","Berries","Huckleberry",601014000,"Huckleberry",132,818,310,1921.1,"Yes",4,"Gal.",0.038,0.038,0.03,0,0.008,34,210.7,34,456.3762,0.3,0.1,8.5,52.7,0.001,3.6,2.9,0.1
"77","Tongass","Index Communities Year 2 (Southeast AK)","Haines_2012","Vegetation","Vegetation","Berries","Berries","Cloud Berry",601016000,"Cloud Berry",132,818,310,1921.1,"Yes",4,"Gal.",0.008,0.008,0.008,0,0,2,12.4,2,34.868797,0,0,0.5,3.1,0,1.1,0.9,0
"78","Tongass","Index Communities Year 2 (Southeast AK)","Haines_2012","Vegetation","Vegetation","Berries","Berries","Nagoonberry",601018000,"Nagoonberry",132,818,310,1921.1,"Yes",4,"Gal.",0.015,0.015,0.015,0,0.008,4.3,26.3,4.3,71.2204,0,0,1.1,6.6,0,1.1,0.9,0
"79","Tongass","Index Communities Year 2 (Southeast AK)","Haines_2012","Vegetation","Vegetation","Berries","Berries","Raspberry",601020000,"Raspberry",132,818,310,1921.1,"Yes",4,"Gal.",0.303,0.288,0.273,0.046,0.061,158.8,991.3,459.9632,1522.6367,1.2,0.5,39.7,247.8,0.004,2.1,1.7,0.6
"80","Tongass","Index Communities Year 2 (Southeast AK)","Haines_2012","Vegetation","Vegetation","Berries","Berries","Salmonberry",601022000,"Salmonberry",132,818,310,1921.1,"Yes",4,"Gal.",0.25,0.22700001,0.22700001,0.031,0.023,103.6,652,242.54398,1061.456,0.8,0.3,25.9,163,0.003,1.7,1.4,0.4
"81","Tongass","Index Communities Year 2 (Southeast AK)","Haines_2012","Vegetation","Vegetation","Berries","Berries","Soapberry",601024000,"Soapberry",132,818,310,1921.1,"Yes",4,"Gal.",0.023,0.015,0.015,0.008,0.008,12,74.4,12,174.54242,0.1,0,3,18.6,0,2.1,1.7,0
"82","Tongass","Index Communities Year 2 (Southeast AK)","Haines_2012","Vegetation","Vegetation","Berries","Berries","Strawberry",601026000,"Strawberry",132,818,310,1921.1,"Yes",4,"Gal.",0.235,0.22,0.22,0.03,0.038,166.3,1030.2,451.22754,1609.1724,1.3,0.5,41.6,257.6,0.004,2.8,2.3,0.7
"83","Tongass","Index Communities Year 2 (Southeast AK)","Haines_2012","Vegetation","Vegetation","Berries","Berries","Thimbleberry",601028000,"Thimbleberry",132,818,310,1921.1,"Yes",4,"Gal.",0.22,0.205,0.205,0.015,0.008,64.6,403.5,118.225525,688.7745,0.5,0.2,16.2,100.9,0.002,1.2,1,0.3
"84","Tongass","Index Communities Year 2 (Southeast AK)","Haines_2012","Vegetation","Vegetation","Berries","Berries","Twisted Stalk Berry (Watermelon Berry)",601032000,"Twisted Stalk Berry (Watermelon Berry)",132,818,310,1921.1,"Yes",4,"Gal.",0.129,0.129,0.129,0.008,0.008,21.4,132.5,28.089996,236.91,0.2,0.1,5.3,33.1,0.001,0.7,0.5,0.1
"85","Tongass","Index Communities Year 2 (Southeast AK)","Hoonah_2012","Vegetation","Vegetation","Berries","Berries","Blueberry",601002000,"Blueberry",122,280,319,732.1,"Yes",4,"Gal.",0.83599997,0.72099996,0.71300006,0.377,0.443,4698.9,10964,7422.628,14505.372,39.2,15,1174.7,2741,0.044,22.3,17.9,18.6
"86","Tongass","Hoonah Lands Partnership","Hoonah_2016","Vegetation","Vegetation","Berries","Berries","Blueberry",601002000,"Blueberry",65,260,184,736,"Yes",4,"Gal.",0.8,0.64615387,0.64615387,0.3846154,0.46153846,2258,9173.125,4542.623,13803.627,35.28125,12.463485,564.5,2293.2812,0.0525181,19.360659,15.579356,15.488526
"87","Tongass","Index Communities Year 2 (Southeast AK)","Hoonah_2012","Vegetation","Vegetation","Berries","Berries","Low Bush Cranberry",601004000,"Low Bush Cranberry",122,280,319,732.1,"Yes",4,"Gal.",0.066,0.049000002,0.040999997,0.025,0.040999997,134,307.5,134,597.78,1.1,0.4,33.5,76.9,0.001,8,6.4,0.5
"88","Tongass","Hoonah Lands Partnership","Hoonah_2016","Vegetation","Vegetation","Berries","Berries","Low Bush Cranberry",601004000,"Low Bush Cranberry",65,260,184,736,"Yes",4,"Gal.",0.06153846,0.046153847,0.046153847,0.015384615,0.03076923,100.5,402,100.5,970.50854,1.5461539,0.5461956,25.125,100.5,0.0023015358,11.029916,8.875679,0.67876405
"89","Tongass","Index Communities Year 2 (Southeast AK)","Hoonah_2012","Vegetation","Vegetation","Berries","Berries","High Bush Cranberry",601006000,"High Bush Cranberry",122,280,319,732.1,"Yes",4,"Gal.",0.23,0.213,0.19700001,0.033,0.081999995,358,828.4,461.41882,1195.3812,3,1.1,89.5,207.1,0.003,6.1,4.9,1.4
"90","Tongass","Hoonah Lands Partnership","Hoonah_2016","Vegetation","Vegetation","Berries","Berries","High Bush Cranberry",601006000,"High Bush Cranberry",65,260,184,736,"Yes",4,"Gal.",0.2,0.18461539,0.18461539,0.06153846,0.12307692,201.5,806,278.92438,1333.0756,3.1,1.0951087,50.375,201.5,0.004614522,6.8045254,5.4755435,1.360905
"91","Tongass","Hoonah Lands Partnership","Hoonah_2016","Vegetation","Vegetation","Berries","Berries","Crowberry",601007000,"Crowberry",65,260,184,736,"Yes",4,"Gal.",0.015384615,0.015384615,0.015384615,0.015384615,0,1,4,1,10.920339,0.015384615,0.0054347827,0.25,1,2.2900855e-05,0.43900165,0.35326087,0.006753871
"92","Tongass","Index Communities Year 2 (Southeast AK)","Hoonah_2012","Vegetation","Vegetation","Berries","Berries","Elderberry",601008000,"Elderberry",122,280,319,732.1,"Yes",4,"Gal.",0.066,0.056999996,0.056999996,0.016,0.040999997,172,394.8,172,713.40356,1.4,0.5,43,98.7,0.002,10.2,8.2,0.7
"93","Tongass","Hoonah Lands Partnership","Hoonah_2016","Vegetation","Vegetation","Berries","Berries","Elderberry",601008000,"Elderberry",65,260,184,736,"Yes",4,"Gal.",0.07692308,0.07692308,0.07692308,0.015384615,0.03076923,188,752,188,1615.0054,2.8923078,1.0217391,47,188,0.004305361,16.506462,13.282609,1.2697278
"94","Tongass","Index Communities Year 2 (Southeast AK)","Hoonah_2012","Vegetation","Vegetation","Berries","Berries","Gooseberry",601010000,"Gooseberry",122,280,319,732.1,"Yes",4,"Gal.",0.049000002,0.040999997,0.040999997,0.008,0.025,146,335.1,146,646.40796,1.2,0.5,36.5,83.8,0.001,11.6,9.3,0.6
"95","Tongass","Index Communities Year 2 (Southeast AK)","Hoonah_2012","Vegetation","Vegetation","Berries","Berries","Currants",601012000,"Currants",122,280,319,732.1,"Yes",4,"Gal.",0.213,0.18,0.18,0.056999996,0.09,813,1897,813,3560.669,6.8,2.6,203.3,474.3,0.008,15.1,12.2,3.2
"96","Tongass","Hoonah Lands Partnership","Hoonah_2016","Vegetation","Vegetation","Berries","Berries","Currants",601012000,"Currants",65,260,184,736,"Yes",4,"Gal.",0.32307693,0.2923077,0.2923077,0.07692308,0.16923077,544.5,2178,951.51276,3404.4873,8.376923,2.9592392,136.125,544.5,0.012469515,11.382686,9.15955,3.6774828
"97","Tongass","Index Communities Year 2 (Southeast AK)","Hoonah_2012","Vegetation","Vegetation","Berries","Berries","Huckleberry",601014000,"Huckleberry",122,280,319,732.1,"Yes",4,"Gal.",0.32799998,0.27,0.262,0.09,0.123,590.3,1388.8,802.7264,1974.8738,5,1.9,147.6,347.2,0.006,7.2,5.8,2.4
"98","Tongass","Hoonah Lands Partnership","Hoonah_2016","Vegetation","Vegetation","Berries","Berries","Huckleberry",601014000,"Huckleberry",65,260,184,736,"Yes",4,"Gal.",0.52307695,0.50769234,0.50769234,0.15384616,0.26153848,957,3828,1427.9954,6228.005,14.723077,5.201087,239.25,957,0.021916118,12.356605,9.943254,6.4634547
"99","Tongass","Index Communities Year 2 (Southeast AK)","Hoonah_2012","Vegetation","Vegetation","Berries","Berries","Cloud Berry",601016000,"Cloud Berry",122,280,319,732.1,"Yes",4,"Gal.",0.056999996,0.049000002,0.049000002,0.008,0.016,52.1,119.5,52.1,212.11249,0.4,0.2,13,29.9,0,3.5,2.8,0.2
"100","Tongass","Hoonah Lands Partnership","Hoonah_2016","Vegetation","Vegetation","Berries","Berries","Cloud Berry",601016000,"Cloud Berry",65,260,184,736,"Yes",4,"Gal.",0.015384615,0.015384615,0.015384615,0,0,0.5,2,0.5,5.4601693,0.0076923077,0.0027173914,0.125,0.5,1.1450427e-05,0.21950082,0.17663044,0.0033769356
"101","Tongass","Index Communities Year 2 (Southeast AK)","Hoonah_2012","Vegetation","Vegetation","Berries","Berries","Nagoonberry",601018000,"Nagoonberry",122,280,319,732.1,"Yes",4,"Gal.",0.18,0.156,0.148,0.040999997,0.081999995,267.5,624.2,267.5,1025.5607,2.2,0.9,66.9,156,0.002,5.9,4.7,1.1
"102","Tongass","Hoonah Lands Partnership","Hoonah_2016","Vegetation","Vegetation","Berries","Berries","Nagoonberry",601018000,"Nagoonberry",65,260,184,736,"Yes",4,"Gal.",0.12307692,0.10769231,0.092307694,0.06153846,0.06153846,83.25,338.20312,83.25,729.3757,1.3007812,0.45951512,20.8125,84.55078,0.0019362852,4.6397414,3.7335603,0.5710451
"103","Tongass","Index Communities Year 2 (Southeast AK)","Hoonah_2012","Vegetation","Vegetation","Berries","Berries","Raspberry",601020000,"Raspberry",122,280,319,732.1,"Yes",4,"Gal.",0.32,0.23799999,0.23799999,0.115,0.123,741.9,1745.5,925.115,2565.885,6.2,2.4,185.5,436.4,0.0069999998,9.3,7.5,3
"104","Tongass","Hoonah Lands Partnership","Hoonah_2016","Vegetation","Vegetation","Berries","Berries","Raspberry",601020000,"Raspberry",65,260,184,736,"Yes",4,"Gal.",0.32307693,0.2923077,0.2769231,0.12307692,0.18461539,517,2068,824.7756,3311.2244,7.953846,2.8097825,129.25,517,0.011839742,10.807802,8.696946,3.4917514
"105","Tongass","Index Communities Year 2 (Southeast AK)","Hoonah_2012","Vegetation","Vegetation","Berries","Berries","Salmonberry",601022000,"Salmonberry",122,280,319,732.1,"Yes",4,"Gal.",0.566,0.5,0.492,0.19,0.256,1362.4,3178.8,2110.7231,4246.877,11.4,4.3,340.6,794.7,0.012999999,9.5,7.7,5.4
"106","Tongass","Hoonah Lands Partnership","Hoonah_2016","Vegetation","Vegetation","Berries","Berries","Salmonberry",601022000,"Salmonberry",65,260,184,736,"Yes",4,"Gal.",0.73846155,0.6615385,0.6615385,0.2,0.2923077,1028,4176.25,1972.2701,6380.23,16.0625,5.6742525,257,1044.0625,0.023909923,9.548858,7.6838837,7.0514636
"107","Tongass","Index Communities Year 2 (Southeast AK)","Hoonah_2012","Vegetation","Vegetation","Berries","Berries","Soapberry",601024000,"Soapberry",122,280,319,732.1,"Yes",4,"Gal.",0.081999995,0.040999997,0.040999997,0.040999997,0.049000002,112,259.2,112,542.5056,0.9,0.4,28,64.8,0.001,5.4,4.3,0.4
"108","Tongass","Index Communities Year 2 (Southeast AK)","Hoonah_2012","Vegetation","Vegetation","Berries","Berries","Strawberry",601026000,"Strawberry",122,280,319,732.1,"Yes",4,"Gal.",0.377,0.28100002,0.27899998,0.165,0.157,649,1514.3,746.54987,2282.0503,5.4,2.1,162.3,378.6,0.006,6.8,5.5,2.6
"109","Tongass","Hoonah Lands Partnership","Hoonah_2016","Vegetation","Vegetation","Berries","Berries","Strawberry",601026000,"Strawberry",65,260,184,736,"Yes",4,"Gal.",0.2923077,0.23076923,0.21538462,0.10769231,0.07692308,180,720,269.1229,1170.8771,2.7692308,0.9782609,45,180,0.004122154,4.1589627,3.3466818,1.2156968
"110","Tongass","Index Communities Year 2 (Southeast AK)","Hoonah_2012","Vegetation","Vegetation","Berries","Berries","Thimbleberry",601028000,"Thimbleberry",122,280,319,732.1,"Yes",4,"Gal.",0.148,0.107,0.107,0.049000002,0.049000002,170,390.2,170,686.3618,1.4,0.5,42.5,97.5,0.002,4.5,3.6,0.7
"111","Tongass","Hoonah Lands Partnership","Hoonah_2016","Vegetation","Vegetation","Berries","Berries","Thimbleberry",601028000,"Thimbleberry",65,260,184,736,"Yes",4,"Gal.",0.21538462,0.21538462,0.21538462,0.03076923,0.07692308,92,373.75,92,805.1669,1.4375,0.5078125,23,93.4375,0.0021397986,2.929944,2.3577008,0.63106483
"112","Tongass","Index Communities Year 2 (Southeast AK)","Hoonah_2012","Vegetation","Vegetation","Berries","Berries","Blackberry",601030000,"Blackberry",122,280,319,732.1,"Yes",4,"Gal.",0.008,0,0,0.008,0.008,0,0,NA,NA,0,0,0,0,0,0,0,0
"113","Tongass","Index Communities Year 2 (Southeast AK)","Hoonah_2012","Vegetation","Vegetation","Berries","Berries","Twisted Stalk Berry (Watermelon Berry)",601032000,"Twisted Stalk Berry (Watermelon Berry)",122,280,319,732.1,"Yes",4,"Gal.",0.008,0.008,0.008,0,0,4,9.2,4,22.8804,0,0,1,2.3,0,1.9,1.5,0
"114","Tongass","Hoonah Lands Partnership","Hoonah_2016","Vegetation","Vegetation","Berries","Berries","Twisted Stalk Berry (Watermelon Berry)",601032000,"Twisted Stalk Berry (Watermelon Berry)",65,260,184,736,"Yes",4,"Gal.",0.015384615,0.015384615,0.015384615,0,0,0.25,1,0.25,2.7300847,0.0038461538,0.0013586957,0.0625,0.25,5.7252137e-06,0.10975041,0.08831522,0.0016884678
"115","Tongass","Index Communities Year 2 (Southeast AK)","Hoonah_2012","Vegetation","Vegetation","Berries","Berries","Other Wild Berry",601099000,"Other Wild Berry",122,280,319,732.1,"Yes",4,"Gal.",0.008,0.008,0.008,0,0.008,40,91.8,40,228.30661,0.3,0.1,10,23,0,19,15.3,0.2
"116","Tongass","Hoonah Lands Partnership","Hoonah_2016","Vegetation","Vegetation","Berries","Berries","Other Wild Berry",601099000,"Other Wild Berry",65,260,184,736,"Yes",4,"Gal.",0.015384615,0,0,0.015384615,0,0,0,0,0,0,0,0,0,0,0,0,0
"117","Tongass","Index Communities Year 2 (Southeast AK)","Hydaburg_2012","Vegetation","Vegetation","Berries","Berries","Blueberry",601002000,"Blueberry",48,119,134,332.2,"Yes",4,"Gal.",0.85400003,0.72900003,0.72900003,0.354,0.458,843,2134.4,1353.2095,2915.5903,17.9,6.4,210.8,533.6,0.012,9.3,7.5,8
"118","Tongass","Index Communities Year 2 (Southeast AK)","Hydaburg_2012","Vegetation","Vegetation","Berries","Berries","Low Bush Cranberry",601004000,"Low Bush Cranberry",48,119,134,332.2,"Yes",4,"Gal.",0.021,0.021,0.021,0,0,4,9.9,4,25.2846,0.1,0,1,2.5,0,1.8,1.4,0
"119","Tongass","Index Communities Year 2 (Southeast AK)","Hydaburg_2012","Vegetation","Vegetation","Berries","Berries","High Bush Cranberry",601006000,"High Bush Cranberry",48,119,134,332.2,"Yes",4,"Gal.",0.042,0.042,0.042,0,0,6.5,16.1,6.5,34.083702,0.1,0,1.6,4,0,1.4,1.2,0.1
"120","Tongass","Index Communities Year 2 (Southeast AK)","Hydaburg_2012","Vegetation","Vegetation","Berries","Berries","Elderberry",601008000,"Elderberry",48,119,134,332.2,"Yes",4,"Gal.",0.042,0.021,0.021,0.042,0.021,8,19.8,8,50.5692,0.2,0.1,2,5,0,1.8,1.4,0.1
"121","Tongass","Index Communities Year 2 (Southeast AK)","Hydaburg_2012","Vegetation","Vegetation","Berries","Berries","Gooseberry",601010000,"Gooseberry",48,119,134,332.2,"Yes",4,"Gal.",0.083000004,0.063,0.063,0.021,0,15,37.2,15,83.997604,0.3,0.1,3.8,9.3,0,1.7,1.3,0.1
"122","Tongass","Index Communities Year 2 (Southeast AK)","Hydaburg_2012","Vegetation","Vegetation","Berries","Berries","Currants",601012000,"Currants",48,119,134,332.2,"Yes",4,"Gal.",0.063,0.042,0.042,0.021,0,13.5,33.5,13.5,79.998,0.3,0.1,3.4,8.4,0,2,1.6,0.1
"123","Tongass","Index Communities Year 2 (Southeast AK)","Hydaburg_2012","Vegetation","Vegetation","Berries","Berries","Huckleberry",601014000,"Huckleberry",48,119,134,332.2,"Yes",4,"Gal.",0.72900003,0.583,0.583,0.333,0.417,372,922.3,664.9783,1179.6217,7.8,2.8,93,230.6,0.005,4.7,3.8,3.4
"124","Tongass","Index Communities Year 2 (Southeast AK)","Hydaburg_2012","Vegetation","Vegetation","Berries","Berries","Raspberry",601020000,"Raspberry",48,119,134,332.2,"Yes",4,"Gal.",0.042,0.042,0.042,0,0,8,20.3,8,51.5214,0.2,0.1,2,5.1,0,1.8,1.5,0.1
"125","Tongass","Index Communities Year 2 (Southeast AK)","Hydaburg_2012","Vegetation","Vegetation","Berries","Berries","Salmonberry",601022000,"Salmonberry",48,119,134,332.2,"Yes",4,"Gal.",0.72900003,0.64599997,0.64599997,0.234,0.36200002,563,1456.5,1070.5276,1842.4724,12.2,4.4,140.8,364.1,0.008,7.5,6,5.4
"126","Tongass","Index Communities Year 2 (Southeast AK)","Hydaburg_2012","Vegetation","Vegetation","Berries","Berries","Soapberry",601024000,"Soapberry",48,119,134,332.2,"Yes",4,"Gal.",0.042,0.021,0.021,0.021,0.021,1,2.5,1,6.3849998,0,0,0.3,0.6,0,0.2,0.2,0
"127","Tongass","Index Communities Year 2 (Southeast AK)","Hydaburg_2012","Vegetation","Vegetation","Berries","Berries","Strawberry",601026000,"Strawberry",48,119,134,332.2,"Yes",4,"Gal.",0.125,0.125,0.125,0.021,0.063,22,54.5,22,96.6285,0.5,0.2,5.5,13.6,0,1.6,1.3,0.2
"128","Tongass","Index Communities Year 2 (Southeast AK)","Hydaburg_2012","Vegetation","Vegetation","Berries","Berries","Thimbleberry",601028000,"Thimbleberry",48,119,134,332.2,"Yes",4,"Gal.",0.5,0.417,0.417,0.20799999,0.20799999,112,277.7,114.134705,441.26532,2.3,0.8,28,69.4,0.002,2.1,1.7,1
"129","Tongass","Index Communities Year 2 (Southeast AK)","Hydaburg_2012","Vegetation","Vegetation","Berries","Berries","Other Wild Berry",601099000,"Other Wild Berry",48,119,134,332.2,"Yes",4,"Gal.",0.229,0.16700001,0.16700001,0.083000004,0.042,64,174.5,69.451004,279.549,1.5,0.5,16,43.6,0.001,2.8,2.3,0.7
"130","Tongass","Chilkat Chinook Salmon Ethnography","Klukwan_2014","Vegetation","Vegetation","Berries","Berries","Blueberry",601002000,"Blueberry",24,32,48,64,"Yes",4,"Gal.",83.3,54.1,54.1,58.3,45.8,352,469.3,352,474.23035,14.6,7.3333335,88,117.3,1.6,0.10935868,0.088,9.113224
"131","Tongass","Chilkat Chinook Salmon Ethnography","Klukwan_2014","Vegetation","Vegetation","Berries","Berries","High Bush Cranberry",601006000,"High Bush Cranberry",24,32,48,64,"Yes",4,"Gal.",33.3,33.3,33.3,12.5,16.6,94,125.3,94,126.80917,3.9,1.9583334,23.5,31.3,0.4,0.07300935,0.05875,2.433645
"132","Tongass","Chilkat Chinook Salmon Ethnography","Klukwan_2014","Vegetation","Vegetation","Berries","Berries","Elderberry",601008000,"Elderberry",24,32,48,64,"Yes",4,"Gal.",8.3,8.3,8.3,4.1,8.3,8.5,11.3,8.5,11.587148,0.3,0.17708333,2.1,2.8,0,0.026407637,0.02125,0.22006364
"133","Tongass","Chilkat Chinook Salmon Ethnography","Klukwan_2014","Vegetation","Vegetation","Berries","Berries","Currants",601012000,"Currants",24,32,48,64,"Yes",4,"Gal.",4.1,4.1,4.1,0,4.1,1,1.3,1,1.3764304,0,0.020833334,0.2,0.3,0,0.0062135616,0.005,0.02588984
"134","Tongass","Chilkat Chinook Salmon Ethnography","Klukwan_2014","Vegetation","Vegetation","Berries","Berries","Huckleberry",601014000,"Huckleberry",24,32,48,64,"Yes",4,"Gal.",4.1,4.1,4.1,0,4.1,8,10.6,8,11.011443,0.3,0.16666667,2,2.6,0,0.049708493,0.04,0.20711872
"135","Tongass","Chilkat Chinook Salmon Ethnography","Klukwan_2014","Vegetation","Vegetation","Berries","Berries","Raspberry",601020000,"Raspberry",24,32,48,64,"Yes",4,"Gal.",12.5,12.5,12.5,0,12.5,8.2,11,8.25,11.238001,0.3,0.171875,2,2.7,0,0.017087294,0.01375,0.21359119
"136","Tongass","Chilkat Chinook Salmon Ethnography","Klukwan_2014","Vegetation","Vegetation","Berries","Berries","Salmonberry",601022000,"Salmonberry",24,32,48,64,"Yes",4,"Gal.",20.8,20.8,20.8,8.3,16.6,21,28,21,28.55359,0.8,0.4375,5.2,7,0,0.026096959,0.021,0.5436866
"137","Tongass","Chilkat Chinook Salmon Ethnography","Klukwan_2014","Vegetation","Vegetation","Berries","Berries","Soapberry",601024000,"Soapberry",24,32,48,64,"Yes",4,"Gal.",37.5,33.3,33.3,12.5,20.8,67.2,89.6,67.25,90.74604,2.8,1.4010416,16.8,22.4,0.3,0.046429113,0.03736111,1.7410917
"138","Tongass","Chilkat Chinook Salmon Ethnography","Klukwan_2014","Vegetation","Vegetation","Berries","Berries","Strawberry",601026000,"Strawberry",24,32,48,64,"Yes",4,"Gal.",4.1,0,0,4.1,0,0,0,0,0,0,0,0,0,0,0,0,0
"139","Tongass","Chilkat Chinook Salmon Ethnography","Klukwan_2014","Vegetation","Vegetation","Berries","Berries","Serviceberry",601034000,"Serviceberry",24,32,48,64,"Yes",4,"Gal.",4.1,4.1,4.1,0,0,0.5,0.6,0.5,0.6882152,0,0.010416667,0.1,0.1,0,0.0031067808,0.0025,0.01294492
"140","Tongass","Saxman 1999/2000","Petersburg_2000","Vegetation","Vegetation","Berries","Berries","Blueberry",601002000,"Blueberry",125,1070,344,2945,"Yes",1.5,"Quarts",0.472,0.44799998,0.44799998,0.08,0.096,566.25,4847.1,3170.025,6524.1753,4.53,1.6460756,377.5,3231.4,0.010197521,4.333894,3.4874482,2.0455985
"141","Tongass","Saxman 1999/2000","Petersburg_2000","Vegetation","Vegetation","Berries","Berries","Low Bush Cranberry",601004000,"Low Bush Cranberry",125,1070,344,2945,"Yes",1.5,"Quarts",0.152,0.144,0.144,0.016,0.04,171,1463.76,628.23413,2299.286,1.368,0.49709302,114,975.84,0.0030795166,4.064102,3.270349,0.6177436
"142","Tongass","Saxman 1999/2000","Petersburg_2000","Vegetation","Vegetation","Berries","Berries","High Bush Cranberry",601006000,"High Bush Cranberry",125,1070,344,2945,"Yes",1.5,"Quarts",0.072,0.072,0.072,0.016,0.032,85.5,731.88,167.96904,1295.791,0.684,0.24854651,57,487.92,0.0015397583,4.2898855,3.452035,0.3088718
"143","Tongass","Saxman 1999/2000","Petersburg_2000","Vegetation","Vegetation","Berries","Berries","Elderberry",601008000,"Elderberry",125,1070,344,2945,"Yes",1.5,"Quarts",0.008,0.008,0.008,0,0,3,25.68,3,73.447296,0.024,0.008720931,2,17.12,5.4026605e-05,1.3547006,1.0901163,0.010837607
"144","Tongass","Saxman 1999/2000","Petersburg_2000","Vegetation","Vegetation","Berries","Berries","Currants",601012000,"Currants",125,1070,344,2945,"Yes",1,"Quarts",0.008,0.008,0.008,0,0,2,17.12,2,48.964863,0.016,0.0058139535,2,17.12,3.6017736e-05,5.7800575e-05,4.6511628e-05,0.0072250715
"145","Tongass","Saxman 1999/2000","Petersburg_2000","Vegetation","Vegetation","Berries","Berries","Huckleberry",601014000,"Huckleberry",125,1070,344,2945,"Yes",1.5,"Quarts",0.152,0.152,0.152,0.032,0.024,135,1155.6,454.34064,1856.8594,1.08,0.39244187,90,770.4,0.002431197,3.2085018,2.5818546,0.48769233
"146","Tongass","Saxman 1999/2000","Petersburg_2000","Vegetation","Vegetation","Berries","Berries","Cloud Berry",601016000,"Cloud Berry",125,1070,344,2945,"Yes",1,"Quarts",0.016,0.016,0.016,0.008,0,2,17.12,2,39.546738,0.016,0.0058139535,2,17.12,3.6017736e-05,0.00011560115,9.3023256e-05,0.0072250715
"147","Tongass","Saxman 1999/2000","Petersburg_2000","Vegetation","Vegetation","Berries","Berries","Nagoonberry",601018000,"Nagoonberry",125,1070,344,2945,"Yes",1,"Quarts",0.048,0.04,0.04,0.016,0.008,23,196.88,23,389.22897,0.184,0.06686047,23,196.88,0.00041420397,1.7310063,1.3929263,0.08308832
"148","Tongass","Saxman 1999/2000","Petersburg_2000","Vegetation","Vegetation","Berries","Berries","Raspberry",601020000,"Raspberry",125,1070,344,2945,"Yes",1.5,"Quarts",0.055999998,0.055999998,0.055999998,0.008,0.016,60,513.6,60,1235.8646,0.48,0.1744186,40,342.4,0.0010805321,3.870573,3.1146178,0.21675216
"149","Tongass","Saxman 1999/2000","Petersburg_2000","Vegetation","Vegetation","Berries","Berries","Salmonberry",601022000,"Salmonberry",125,1070,344,2945,"Yes",1.5,"Quarts",0.216,0.20799999,0.20799999,0.032,0.064,183,1566.48,797.28345,2335.6765,1.464,0.53197676,122,1044.32,0.0032956228,3.0606198,2.4628553,0.66109407
"150","Tongass","Saxman 1999/2000","Petersburg_2000","Vegetation","Vegetation","Berries","Berries","Soapberry",601024000,"Soapberry",125,1070,344,2945,"Yes",1.5,"Quarts",0.008,0.008,0.008,0,0,4.5,38.52,4.5,110.170944,0.036,0.013081395,3,25.68,8.103991e-05,2.0320506,1.6351743,0.01625641
"151","Tongass","Saxman 1999/2000","Petersburg_2000","Vegetation","Vegetation","Berries","Berries","Strawberry",601026000,"Strawberry",125,1070,344,2945,"Yes",1.5,"Quarts",0.008,0.008,0.008,0,0.008,6,51.36,6,146.89459,0.048,0.017441861,4,34.24,0.00010805321,2.7094011,2.1802325,0.021675214
"152","Tongass","Saxman 1999/2000","Petersburg_2000","Vegetation","Vegetation","Berries","Berries","Thimbleberry",601028000,"Thimbleberry",125,1070,344,2945,"Yes",1.25,"Quarts",0.008,0.008,0.008,0.008,0,15,128.4,15,367.23648,0.12,0.04360465,12,102.72,0.00027013302,6.773503,5.450581,0.05418804
"153","Tongass","Saxman 1999/2000","Petersburg_2000","Vegetation","Vegetation","Berries","Berries","Other Wild Berry",601099000,"Other Wild Berry",125,1070,344,2945,"Yes",1.5,"Quarts",0.008,0.008,0.008,0,0.008,6,51.36,6,146.89459,0.048,0.017441861,4,34.24,0.00010805321,2.7094011,2.1802325,0.021675214
"154","Tongass","Saxman 1999","Saxman_1999","Vegetation","Vegetation","Berries","Berries","Blueberry",601002000,"Blueberry",73,110,252,379.7,"Yes",1.5,"Quarts",0.50684935,0.47945204,0.47945204,0.08219178,0.19178082,1295.137,1951.5763,1536.9807,2366.1719,11.827735,3.4107144,863.4247,1301.0509,0.015706,8.362516,6.729247,4.238537
"155","Tongass","Saxman 1999","Saxman_1999","Vegetation","Vegetation","Berries","Berries","Low Bush Cranberry",601004000,"Low Bush Cranberry",73,110,252,379.7,"Yes",1.5,"Quarts",0.01369863,0.01369863,0.01369863,0,0,18.082191,27.247139,6.341096,48.15318,0.16513418,0.04761905,12.054794,18.164759,0.000219281,4.319904,3.4761906,0.059176777
"156","Tongass","Saxman 1999","Saxman_1999","Vegetation","Vegetation","Berries","Berries","High Bush Cranberry",601006000,"High Bush Cranberry",73,110,252,379.7,"Yes",1.5,"Quarts",0.01369863,0.01369863,0.01369863,0.01369863,0.01369863,27.123287,40.87071,9.511643,72.229774,0.24770126,0.071428575,18.082191,27.247139,0.00032892148,6.4798555,5.214286,0.08876517
"157","Tongass","Saxman 1999","Saxman_1999","Vegetation","Vegetation","Berries","Berries","Elderberry",601008000,"Elderberry",73,110,252,379.7,"Yes",1.5,"Quarts",0.08219178,0.08219178,0.08219178,0,0.02739726,1096.2329,1651.8578,690.2307,2613.4849,10.011259,2.8869047,730.8219,1101.2385,0.01329391,43.64903,35.12401,3.5875921
"158","Tongass","Saxman 1999","Saxman_1999","Vegetation","Vegetation","Berries","Berries","Gooseberry",601010000,"Gooseberry",73,110,252,379.7,"Yes",1.5,"Quarts",0.01369863,0.01369863,0.01369863,0,0.01369863,90.41096,136.23569,31.705479,240.7659,0.82567084,0.23809524,60.27397,90.82379,0.001096405,21.59952,17.380953,0.2958839
"159","Tongass","Saxman 1999","Saxman_1999","Vegetation","Vegetation","Berries","Berries","Currants",601012000,"Currants",73,110,252,379.7,"Yes",1,"Quarts",0.02739726,0.02739726,0.02739726,0,0.01369863,18.835617,28.382435,7.470345,49.294525,0.25802213,0.049603175,18.835617,28.382435,0.0002284177,2.24995,1.8105159,0.061642475
"160","Tongass","Saxman 1999","Saxman_1999","Vegetation","Vegetation","Berries","Berries","Huckleberry",601014000,"Huckleberry",73,110,252,379.7,"Yes",1.5,"Quarts",0.32876712,0.32876712,0.31506848,0.02739726,0.08219178,861.16437,1297.645,897.5039,1697.786,7.864515,2.267857,574.1096,865.0966,0.010443257,8.572309,6.898065,2.818294
"161","Tongass","Saxman 1999","Saxman_1999","Vegetation","Vegetation","Berries","Berries","Cloud Berry",601016000,"Cloud Berry",73,110,252,379.7,"Yes",1,"Quarts",0.01369863,0.01369863,0.01369863,0,0.01369863,0.75342464,1.1352974,0.2642123,2.0063825,0.010320886,0.001984127,0.75342464,1.1352974,9.136708e-06,3.3776698e-05,2.7179822e-05,0.002465699
"162","Tongass","Saxman 1999","Saxman_1999","Vegetation","Vegetation","Berries","Berries","Raspberry",601020000,"Raspberry",73,110,252,379.7,"Yes",1.5,"Quarts",0.05479452,0.05479452,0.05479452,0,0.01369863,63.28767,95.36498,40.974457,149.75551,0.5779696,0.16666667,42.19178,63.576656,0.0007674835,3.7799158,3.0416667,0.20711872
"163","Tongass","Saxman 1999","Saxman_1999","Vegetation","Vegetation","Berries","Berries","Salmonberry",601022000,"Salmonberry",73,110,252,379.7,"Yes",1.5,"Quarts",0.49315068,0.47945204,0.46575344,0.05479452,0.1369863,1744.9315,2629.3489,2015.5082,3243.1895,15.935448,4.595238,1163.2877,1752.8992,0.021160617,11.579742,9.318122,5.710559
"164","Tongass","Saxman 1999","Saxman_1999","Vegetation","Vegetation","Berries","Berries","Soapberry",601024000,"Soapberry",73,110,252,379.7,"Yes",NA,"Quarts",0.05479452,0,0,0.05479452,0,0,0,0,0,0,0,0,0,0,0,0,0
"165","Tongass","Saxman 1999","Saxman_1999","Vegetation","Vegetation","Berries","Berries","Strawberry",601026000,"Strawberry",73,110,252,379.7,"Yes",1.5,"Quarts",0.06849315,0.05479452,0.05479452,0.01369863,0.01369863,23.167809,34.910397,19.42718,50.393612,0.21157816,0.061011903,15.445206,23.273598,0.00028095377,0.0051931674,0.0041788975,0.075820245
"166","Tongass","Saxman 1999","Saxman_1999","Vegetation","Vegetation","Berries","Berries","Thimbleberry",601028000,"Thimbleberry",73,110,252,379.7,"Yes",1.25,"Quarts",0.04109589,0.04109589,0.04109589,0,0.02739726,13.655822,20.577267,9.7584915,31.39604,0.14965284,0.035962302,10.924658,16.461813,0.00016560285,0.001836608,0.0014779028,0.044690795
"167","Tongass","Saxman 1999","Saxman_1999","Vegetation","Vegetation","Berries","Berries","Blackberry",601030000,"Blackberry",73,110,252,379.7,"Yes",NA,NA,0.01369863,0.01369863,0.01369863,0,0,0,0,0,0,0,0,0,0,0,0,0,0
"168","Tongass","Saxman 1999","Saxman_1999","Vegetation","Vegetation","Berries","Berries","Other Wild Berry",601099000,"Other Wild Berry",73,110,252,379.7,"Yes",1.5,"Quarts",0.05479452,0.04109589,0.04109589,0.01369863,0.02739726,45.20548,68.11784,33.555958,102.67973,0.41283542,0.11904762,30.136986,45.411896,0.0005482025,2.69994,2.172619,0.14794195
"169","Tongass","Southeast Index Communities","Sitka_2013","Vegetation","Vegetation","Berries","Berries","Blueberry",601002000,"Blueberry",212,2965,592,7873.2,"Yes",4,"Gal.",0.661,0.614,0.614,0.14,0.23,1374.6,15226.3,11587.215,18865.385,5.1,1.933933,343.6,3806.6,0.011,3.6378338,2.9273338,2.4033225
"170","Tongass","Southeast Index Communities","Sitka_2013","Vegetation","Vegetation","Berries","Berries","Low Bush Cranberry",601004000,"Low Bush Cranberry",212,2965,592,7873.2,"Yes",4,"Gal.",0.06,0.051999997,0.05,0.017,0.019,100,995.2,100,1890.88,0.3,0.12640385,25,248.8,0.001,2.6386077,2.123265,0.15708363
"171","Tongass","Southeast Index Communities","Sitka_2013","Vegetation","Vegetation","Berries","Berries","High Bush Cranberry",601006000,"High Bush Cranberry",212,2965,592,7873.2,"Yes",4,"Gal.",0.0069999998,0,0,0.0069999998,0,0,0,NA,NA,0,0,0,0,0,0,0,0
"172","Tongass","Southeast Index Communities","Sitka_2013","Vegetation","Vegetation","Berries","Berries","Crowberry",601007000,"Crowberry",212,2965,592,7873.2,"Yes",4,"Gal.",0.002,0.002,0.002,0,0.002,0.5,3,0.5,8.394,0,0.00037726515,0.1,0.7,0,0.23399799,0.18829618,0.00046883206
"173","Tongass","Southeast Index Communities","Sitka_2013","Vegetation","Vegetation","Berries","Berries","Elderberry",601008000,"Elderberry",212,2965,592,7873.2,"Yes",4,"Gal.",0.012999999,0.012999999,0.012999999,0,0.006,152.3,908.4,152.3,2043.9,0.3,0.11537698,38.1,227.1,0.001,10.762419,8.660426,0.14338039
"174","Tongass","Southeast Index Communities","Sitka_2013","Vegetation","Vegetation","Berries","Berries","Gooseberry",601010000,"Gooseberry",212,2965,592,7873.2,"Yes",4,"Gal.",0.004,0.004,0.004,0,0.002,42,249.5,42,676.89355,0.1,0.031690273,10.5,62.4,0,9.827915,7.9084396,0.03938189
"175","Tongass","Southeast Index Communities","Sitka_2013","Vegetation","Vegetation","Berries","Berries","Currants",601012000,"Currants",212,2965,592,7873.2,"Yes",4,"Gal.",0.029000001,0.029000001,0.029000001,0,0.012,238,1569.1,238,2929.5098,0.5,0.19929676,59.5,392.3,0.001,8.6451645,6.9566903,0.24766853
"176","Tongass","Southeast Index Communities","Sitka_2013","Vegetation","Vegetation","Berries","Berries","Huckleberry",601014000,"Huckleberry",212,2965,592,7873.2,"Yes",4,"Gal.",0.55799997,0.537,0.537,0.109,0.22700001,1776.1,25037.9,8012.129,42063.67,8.4,3.180123,444,6259.5,0.018,7.0877147,5.7034235,3.9519782
"177","Tongass","Southeast Index Communities","Sitka_2013","Vegetation","Vegetation","Berries","Berries","Cloud Berry",601016000,"Cloud Berry",212,2965,592,7873.2,"Yes",4,"Gal.",0.019,0.019,0.019,0,0,11.3,86.5,11.3,184.245,0,0.01098717,2.8,21.6,0,0.73288435,0.58974576,0.013653891
"178","Tongass","Southeast Index Communities","Sitka_2013","Vegetation","Vegetation","Berries","Berries","Nagoonberry",601018000,"Nagoonberry",212,2965,592,7873.2,"Yes",4,"Gal.",0.024,0.009,0.009,0.015,0.002,8.5,58.4,8.5,146.40881,0,0.007412989,2.1,14.6,0,0.3848303,0.30966964,0.009212213
"179","Tongass","Southeast Index Communities","Sitka_2013","Vegetation","Vegetation","Berries","Berries","Raspberry",601020000,"Raspberry",212,2965,592,7873.2,"Yes",4,"Gal.",0.077,0.058000002,0.058000002,0.021,0.027999999,124,936.8,281.9768,1591.6232,0.3,0.1189917,31,234.2,0.001,1.9238634,1.5481164,0.14787245
"180","Tongass","Southeast Index Communities","Sitka_2013","Vegetation","Vegetation","Berries","Berries","Salmonberry",601022000,"Salmonberry",212,2965,592,7873.2,"Yes",4,"Gal.",0.625,0.576,0.574,0.176,0.18,2422,27209.7,17387,37032.4,9.2,3.455971,605.5,6802.4,0.02,6.8739405,5.531401,4.294778
"181","Tongass","Southeast Index Communities","Sitka_2013","Vegetation","Vegetation","Berries","Berries","Strawberry",601026000,"Strawberry",212,2965,592,7873.2,"Yes",4,"Gal.",0.055,0.055,0.055,0.015,0.021,93.3,1103.4,93.3,2510.2349,0.4,0.14014283,23.3,275.8,0.001,3.190267,2.5671806,0.17415722
"182","Tongass","Southeast Index Communities","Sitka_2013","Vegetation","Vegetation","Berries","Berries","Thimbleberry",601028000,"Thimbleberry",212,2965,592,7873.2,"Yes",4,"Gal.",0.035,0.027999999,0.027999999,0.0069999998,0.0069999998,4.3,41,6.1499977,75.850006,0,0.005205717,1.1,10.2,0,0.18348655,0.14765006,0.0064692083
"183","Tongass","Southeast Index Communities","Sitka_2013","Vegetation","Vegetation","Berries","Berries","Twisted Stalk Berry (Watermelon Berry)",601032000,"Twisted Stalk Berry (Watermelon Berry)",212,2965,592,7873.2,"Yes",4,"Gal.",0.025999999,0.025999999,0.025999999,0,0,2,39.4,2,86.9558,0,0.0050091324,0.5,9.9,0,0.23995537,0.19309004,0.0062249103
"184","Tongass","Southeast Index Communities","Sitka_2013","Vegetation","Vegetation","Berries","Berries","Other Wild Berry",601099000,"Other Wild Berry",212,2965,592,7873.2,"Yes",4,"Gal.",0.011,0.009,0.009,0.009,0.002,60.5,367.3,60.5,1008.6058,0.1,0.046648566,15.1,91.8,0,5.1216574,4.1213536,0.057970747
"185","Tongass","Index Communities Year 2 (Southeast AK)","Whale Pass_2012","Vegetation","Vegetation","Berries","Berries","Blueberry",601002000,"Blueberry",21,27,43,55.3,"Yes",4,"Gal.",0.47599998,0.47599998,0.47599998,0,0.048,32.5,43.9,32.5,59.1333,1.6,0.8,8.1,11,0.003,2.1,1.7,1
"186","Tongass","Index Communities Year 2 (Southeast AK)","Whale Pass_2012","Vegetation","Vegetation","Berries","Berries","High Bush Cranberry",601006000,"High Bush Cranberry",21,27,43,55.3,"Yes",4,"Gal.",0.19,0.19,0.19,0,0,8,10.8,8,16.8588,0.4,0.2,2,2.7,0.001,1.3,1,0.2
"187","Tongass","Index Communities Year 2 (Southeast AK)","Whale Pass_2012","Vegetation","Vegetation","Berries","Berries","Currants",601012000,"Currants",21,27,43,55.3,"Yes",4,"Gal.",0.048,0.048,0.048,0,0,4,5.1,4,10.1133,0.2,0.1,1,1.3,0,2.4,2,0.1
"188","Tongass","Index Communities Year 2 (Southeast AK)","Whale Pass_2012","Vegetation","Vegetation","Berries","Berries","Huckleberry",601014000,"Huckleberry",21,27,43,55.3,"Yes",4,"Gal.",0.286,0.286,0.286,0.048,0,14.3,19.2,14.3,30.4512,0.7,0.3,3.6,4.8,0.001,1.5,1.2,0.4
"189","Tongass","Index Communities Year 2 (Southeast AK)","Whale Pass_2012","Vegetation","Vegetation","Berries","Berries","Salmonberry",601022000,"Salmonberry",21,27,43,55.3,"Yes",4,"Gal.",0.095,0.095,0.095,0,0,5,6.4,5,11.5264,0.2,0.1,1.3,1.6,0,1.5,1.2,0.1
"190","Tongass","Index Communities Year 2 (Southeast AK)","Whale Pass_2012","Vegetation","Vegetation","Berries","Berries","Thimbleberry",601028000,"Thimbleberry",21,27,43,55.3,"Yes",4,"Gal.",0.048,0.048,0.048,0,0,4,5.1,4,10.1133,0.2,0.1,1,1.3,0,2.4,2,0.1
"191","Tongass","Saxman 1999/2000","Wrangell_2000","Vegetation","Vegetation","Berries","Berries","Blueberry",601002000,"Blueberry",98,747,257,1959,"Yes",1.5,"Quarts",0.5,0.5,0.5,0.051020406,0.12244898,738.75,5631.084,2531.362,8730.807,7.538265,2.8745136,492.5,3754.0562,0.01715617,7.1443853,5.7490273,3.5721936
"192","Tongass","Saxman 1999/2000","Wrangell_2000","Vegetation","Vegetation","Berries","Berries","Low Bush Cranberry",601004000,"Low Bush Cranberry",98,747,257,1959,"Yes",1.5,"Quarts",0.07142857,0.07142857,0.07142857,0.010204081,0.030612245,87,663.1531,87,1296.58,0.8877551,0.3385214,58,442.10205,0.0020204221,5.889585,4.7393,0.42068473
"193","Tongass","Saxman 1999/2000","Wrangell_2000","Vegetation","Vegetation","Berries","Berries","High Bush Cranberry",601006000,"High Bush Cranberry",98,747,257,1959,"Yes",1.5,"Quarts",0.08163265,0.08163265,0.08163265,0.020408163,0.051020406,147,1120.5,188.9193,2052.0808,1.5,0.5719844,98,747,0.0034138167,8.707446,7.006809,0.7108121
"194","Tongass","Saxman 1999/2000","Wrangell_2000","Vegetation","Vegetation","Berries","Berries","Elderberry",601008000,"Elderberry",98,747,257,1959,"Yes",1.5,"Quarts",0.020408163,0.020408163,0.020408163,0,0.010204081,25.5,194.37245,25.5,533.2403,0.26020408,0.09922179,17,129.58163,0.0005921927,6.0419016,4.861868,0.12330414
"195","Tongass","Saxman 1999/2000","Wrangell_2000","Vegetation","Vegetation","Berries","Berries","Gooseberry",601010000,"Gooseberry",98,747,257,1959,"Yes",1.5,"Quarts",0.020408163,0.020408163,0.020408163,0.010204081,0.010204081,13.5,102.90306,13.5,244.20581,0.1377551,0.052529182,9,68.60204,0.0003135138,3.1986537,2.57393,0.065278664
"196","Tongass","Saxman 1999/2000","Wrangell_2000","Vegetation","Vegetation","Berries","Berries","Currants",601012000,"Currants",98,747,257,1959,"Yes",1,"Quarts",0.030612245,0.030612245,0.030612245,0.010204081,0.030612245,14,106.71429,14,221.86075,0.14285715,0.054474708,14,106.71429,0.0003251254,2.2114148,1.779507,0.06769639
"197","Tongass","Saxman 1999/2000","Wrangell_2000","Vegetation","Vegetation","Berries","Berries","Huckleberry",601014000,"Huckleberry",98,747,257,1959,"Yes",1.5,"Quarts",0.22448981,0.22448981,0.22448981,0.010204081,0.040816326,340.125,2592.5854,603.6752,4581.4956,3.4706633,1.3234435,226.75,1728.3903,0.007898806,7.3262086,5.895339,1.6446596
"198","Tongass","Saxman 1999/2000","Wrangell_2000","Vegetation","Vegetation","Berries","Berries","Cloud Berry",601016000,"Cloud Berry",98,747,257,1959,"Yes",1,"Quarts",0.020408163,0.020408163,0.020408163,0,0.010204081,9,68.60204,9,182.144,0.091836736,0.035019454,9,68.60204,0.00020900919,2.1324358,1.7159532,0.04351911
"199","Tongass","Saxman 1999/2000","Wrangell_2000","Vegetation","Vegetation","Berries","Berries","Nagoonberry",601018000,"Nagoonberry",98,747,257,1959,"Yes",1,"Quarts",0.010204081,0.010204081,0.010204081,0,0,1,7.622449,1,21.7235,0.010204081,0.0038910506,1,7.622449,2.3223243e-05,4.9341394e-05,3.97046e-05,0.0048354566
"200","Tongass","Saxman 1999/2000","Wrangell_2000","Vegetation","Vegetation","Berries","Berries","Raspberry",601020000,"Raspberry",98,747,257,1959,"Yes",1.5,"Quarts",0.18367347,0.1632653,0.1632653,0.06122449,0.07142857,211.5,1612.148,377.92572,2846.37,2.1581633,0.8229572,141,1074.7653,0.004911716,5.568027,4.480545,1.022699
"201","Tongass","Saxman 1999/2000","Wrangell_2000","Vegetation","Vegetation","Berries","Berries","Salmonberry",601022000,"Salmonberry",98,747,257,1959,"Yes",1.5,"Quarts",0.30612245,0.30612245,0.30612245,0.010204081,0.040816326,185.25,1412.0587,707.6984,2116.419,1.8903061,0.72081715,123.5,941.37244,0.004302106,2.9261758,2.3546693,0.89576834
"202","Tongass","Saxman 1999/2000","Wrangell_2000","Vegetation","Vegetation","Berries","Berries","Soapberry",601024000,"Soapberry",98,747,257,1959,"Yes",1.5,"Quarts",0.010204081,0.010204081,0.010204081,0,0,1.5,11.433674,1.5,32.585247,0.015306123,0.0058365758,1,7.622449,3.4834866e-05,7.401209e-05,5.9556896e-05,0.007253185
"203","Tongass","Saxman 1999/2000","Wrangell_2000","Vegetation","Vegetation","Berries","Berries","Strawberry",601026000,"Strawberry",98,747,257,1959,"Yes",1.5,"Quarts",0.112244904,0.112244904,0.112244904,0.010204081,0.020408163,84.75,646.00256,84.75,1277.286,0.8647959,0.32976654,56.5,430.66837,0.0019681698,3.6509883,2.9379199,0.40980494
"204","Tongass","Saxman 1999/2000","Wrangell_2000","Vegetation","Vegetation","Berries","Berries","Thimbleberry",601028000,"Thimbleberry",98,747,257,1959,"Yes",1.25,"Quarts",0.091836736,0.091836736,0.091836736,0,0,15.625,119.10077,28.491821,209.70972,0.15943877,0.060797665,12.5,95.28061,0.00036286318,0.0069386335,0.005583459,0.075554006
"205","Tongass","Saxman 1999/2000","Wrangell_2000","Vegetation","Vegetation","Berries","Berries","Other Wild Berry",601099000,"Other Wild Berry",98,747,257,1959,"Yes",1.5,"Quarts",0.020408163,0.020408163,0.020408163,0,0,3,22.867348,3,52.625603,0.030612245,0.0116731515,2,15.244898,6.966973e-05,0.00029604835,0.00023822759,0.01450637
"206","Tongass","NPRB Yakutat Comprehensive","Yakutat_2015","Vegetation","Vegetation","Berries","Berries","Blueberry",601002000,"Blueberry",101,240,249,591.7,"Yes",4,"Gal.",0.59400004,0.60400003,0.584,0.168,0.20799999,860.3,2044.2,1502.487,2585.9128,8.5,3.4548192,215.1,511,0.012999999,7.227133,5.8156123,4.2933464
"207","Tongass","NPRB Yakutat Comprehensive","Yakutat_2015","Vegetation","Vegetation","Berries","Berries","Low Bush Cranberry",601004000,"Low Bush Cranberry",101,240,249,591.7,"Yes",4,"Gal.",0.129,0.139,0.129,0.02,0.05,102.5,243.6,102.5,467.71204,1,0.41164657,25.6,60.9,0.002,3.974414,3.198177,0.51155823
"208","Tongass","NPRB Yakutat Comprehensive","Yakutat_2015","Vegetation","Vegetation","Berries","Berries","High Bush Cranberry",601006000,"High Bush Cranberry",101,240,249,591.7,"Yes",4,"Gal.",0.198,0.188,0.188,0.05,0.079,91.3,216.8,91.3,369.4272,0.9,0.36646584,22.8,54.2,0.001,2.2998288,1.8506525,0.4554116
"209","Tongass","NPRB Yakutat Comprehensive","Yakutat_2015","Vegetation","Vegetation","Berries","Berries","Elderberry",601008000,"Elderberry",101,240,249,591.7,"Yes",4,"Gal.",0.02,0.02,0.02,0.01,0,10,23.8,10,49.599197,0.1,0.04016064,2.5,5.9,0,2.5203602,2.0281124,0.049908124
"210","Tongass","NPRB Yakutat Comprehensive","Yakutat_2015","Vegetation","Vegetation","Berries","Berries","Currants",601012000,"Currants",101,240,249,591.7,"Yes",4,"Gal.",0.22799999,0.22799999,0.22799999,0.04,0.099,262.8,624.5,263.539,985.461,2.6,1.0554718,65.7,156.1,0.004,5.759845,4.634898,1.3116479
"211","Tongass","NPRB Yakutat Comprehensive","Yakutat_2015","Vegetation","Vegetation","Berries","Berries","Huckleberry",601014000,"Huckleberry",101,240,249,591.7,"Yes",4,"Gal.",0.079,0.069,0.069,0.03,0.04,58.3,138.4,58.3,238.4632,0.6,0.23393573,14.6,34.6,0.001,3.6702745,2.9534385,0.29071483
"212","Tongass","NPRB Yakutat Comprehensive","Yakutat_2015","Vegetation","Vegetation","Berries","Berries","Nagoonberry",601018000,"Nagoonberry",101,240,249,591.7,"Yes",4,"Gal.",0.32700002,0.317,0.307,0.069,0.099,211.4,507.3,211.4,944.5925,2.1,0.8573845,52.8,126.8,0.003,3.2610216,2.6241162,1.0654823
"213","Tongass","NPRB Yakutat Comprehensive","Yakutat_2015","Vegetation","Vegetation","Berries","Berries","Raspberry",601020000,"Raspberry",101,240,249,591.7,"Yes",4,"Gal.",0.099,0.099,0.099,0,0.05,33.5,79.6,33.5,125.9272,0.3,0.13453814,8.4,19.9,0.001,1.6886413,1.3588352,0.1671922
"214","Tongass","NPRB Yakutat Comprehensive","Yakutat_2015","Vegetation","Vegetation","Berries","Berries","Salmonberry",601022000,"Salmonberry",101,240,249,591.7,"Yes",4,"Gal.",0.71300006,0.683,0.683,0.198,0.347,1162,2788.8,2222.6736,3354.9265,11.6,4.713333,290.5,697.2,0.018,8.216515,6.6117587,5.857317
"215","Tongass","NPRB Yakutat Comprehensive","Yakutat_2015","Vegetation","Vegetation","Berries","Berries","Soapberry",601024000,"Soapberry",101,240,249,591.7,"Yes",4,"Gal.",0.01,0,0,0.01,0,0,0,NA,NA,0,0,0,0,0,0,0,0
"216","Tongass","NPRB Yakutat Comprehensive","Yakutat_2015","Vegetation","Vegetation","Berries","Berries","Strawberry",601026000,"Strawberry",101,240,249,591.7,"Yes",4,"Gal.",0.683,0.65300006,0.65300006,0.198,0.307,705.5,1676.4,1258.9764,2093.8237,7,2.8333333,176.4,419.1,0.011,5.153954,4.1473427,3.521018
"217","Tongass","NPRB Yakutat Comprehensive","Yakutat_2015","Vegetation","Vegetation","Berries","Berries","Twisted Stalk Berry (Watermelon Berry)",601032000,"Twisted Stalk Berry (Watermelon Berry)",101,240,249,591.7,"Yes",4,"Gal.",0.01,0.01,0.01,0,0,8,19,8,47.690002,0.1,0.032128513,2,4.8,0,4.0325766,3.2449799,0.0399265
"218","Tongass","NPRB Yakutat Comprehensive","Yakutat_2015","Vegetation","Vegetation","Berries","Berries","Other Wild Berry",601099000,"Other Wild Berry",101,240,249,591.7,"Yes",4,"Gal.",0.02,0.01,0.01,0.02,0.01,8,19,8,47.690002,0.1,0.032128513,2,4.8,0,2.0162883,1.6224899,0.0399265
"219","Chugach","Chenega/San Juan Bay 1984","Chenega_1984","Vegetation","Vegetation","Berries","Berries","Berries",601000000,"Berries",16,16,57,57,"No",4,"Gal.",0.813,0.75,0.75,0.375,0.313,195.48,195,195,195,12.217,3.42,48.87,49,0.000108123095,5.227646,4.206642,4.2500763
"220","Chugach","Chenega Bay 1985","Chenega_1985","Vegetation","Vegetation","Berries","Berries","Berries",601000000,"Berries",16,17,57,60.6,"No",4,"Gal.",1,0.75,0.75,0.625,0.063,238,253,197,309,14.875,4.18,59.5,63,0.000111375244,5.194537,4.18,5.194537
"221","Chugach","Prince William Sound 1989","Chenega_1989","Vegetation","Vegetation","Berries","Berries","Berries",601000000,"Berries",18,21,63,73.6,"No",4,"Gal.",0.72199994,0.611,0.611,0.333,0.222,228.4,266,190,342,12.689,3.62,57.1,67,0.00024401431,6.230774,5.0138507,4.4986186
"222","Chugach","Gulf of Alaska 1990","Chenega_1990","Vegetation","Vegetation","Berries","Berries","Berries",601000000,"Berries",18,21,66,77,"No",4,"Gal.",0.667,0.667,0.667,0.055999998,0.111,213,248,190,306,11.833,3.22,53.25,62,0.00023538346,5.9993014,4.8275867,4.0015335
"223","Chugach","MMSII 1991","Chenega_1991","Vegetation","Vegetation","Berries","Berries","Berries",601000000,"Berries",18,22,66,80.7,"No",4,"Gal.",0.833,0.833,0.833,0.5,0.444,584,714,579,849,32.444,8.85,146,178,0.0002563458,13.202887,10.624249,10.998005
"224","Chugach","MMSII 1992","Chenega_1992","Vegetation","Vegetation","Berries","Berries","Berries",601000000,"Berries",23,26,80,90.4,"No",4,"Gal.",0.95699996,0.826,0.826,0.739,0.522,753,851,667,1035,32.739,9.41,188.25,213,0.00022707866,12.219356,9.832811,11.693923
"225","Chugach","MMSII 1993","Chenega_1993","Vegetation","Vegetation","Berries","Berries","Berries",601000000,"Berries",23,28,83,101,"No",4,"Gal.",1,0.87,0.87,0.565,0.39099997,620,755,619,891,26.957,7.47,155,189,0.00027149485,9.283061,7.47,9.283061
"226","Chugach","EVOSTC Gulf of Alaska 1997","Chenega_1997","Vegetation","Vegetation","Berries","Berries","Berries",601000000,"Berries",15,21,42,58.8,"No",4,"Gal.",1,0.933,0.933,0.6,0.667,360,504,358,650,24,8.57,90,126,0.00014858053,10.650044,8.57,10.650044
"227","Chugach","EVOS 15 Year retrospective","Chenega_2003","Vegetation","Vegetation","Berries","Berries","Berries",601000000,"Berries",16,20,45,56.3,"No",4,"Gal.",0.875,0.8125,0.8125,0.625,0.75,384,480,384,592.89307,24,8.533334,96,120,0.018129703,12.119404,9.752381,10.604479
"228","Chugach","Upper Kenai 1990","Cooper Landing_1990","Vegetation","Vegetation","Berries","Berries","Berries",601000000,"Berries",61,99,169,257.5,"Yes",4,"Gal.",0.705,0.64,0.64,0.259,0.249,NA,928,852,1004,9.37,3.6,NA,232,0.0003938378,6.345765,5.106383,4.4737644
"229","Chugach","Cordova 1985","Cordova_1985","Vegetation","Vegetation","Berries","Berries","Berries",601000000,"Berries",206,853,547,2265,"No",4,"Gal.",0.77699995,0.67,0.665,0.306,0.199,2889.2,11964,9674,14254,14.025,5.28,722.3,2991,0.0003224268,8.444687,6.7953672,6.5615215
"230","Chugach","Cordova 1988","Cordova_1988","Vegetation","Vegetation","Berries","Berries","Berries",601000000,"Berries",101,872,299,2407.4,"No",4,"Gal.",0.66199994,0.638,0.638,0.236,0.235,NA,12960,11963,13957,14.86,5.38,NA,3240,0.00023029273,10.099385,8.126889,6.6857924
"231","Chugach","MMSII 1991","Cordova_1991","Vegetation","Vegetation","Berries","Berries","Berries",601000000,"Berries",101,784,295,2289.9,"No",4,"Gal.",0.851,0.84199995,0.83199996,0.317,0.35599998,1398.28,10854,7399,14309,13.844,4.74,349.57,2713,0.00025056733,6.9218054,5.5699177,5.890456
"232","Chugach","MMSII 1992","Cordova_1992","Vegetation","Vegetation","Berries","Berries","Berries",601000000,"Berries",41,784,140,2677.1,"No",4,"Gal.",0.878,0.805,0.805,0.65900004,0.366,410,7840,4602,11078,10,2.93,102.5,1960,0.00017915986,4.1470923,3.3371298,3.6411471
"233","Chugach","MMSII 1993","Cordova_1993","Vegetation","Vegetation","Berries","Berries","Berries",601000000,"Berries",104,946,326,2965.4,"No",4,"Gal.",0.91300005,0.856,0.856,0.51,0.45200002,2290.56,20835,15634,26036,22.025,7.03,572.64,5209,0.0005497942,9.568748,7.6998906,8.736268
"234","Chugach","EVOSTC Gulf of Alaska 1997","Cordova_1997","Vegetation","Vegetation","Berries","Berries","Berries",601000000,"Berries",152,830,449,2507.1,"No",4,"Gal.",0.874,0.826,0.826,0.348,0.39099997,NA,17212,14015,20409,20.74,6.87,NA,4303,0.00038262407,9.76823,7.8604116,8.537434
"235","Chugach","EVOS 15 Year retrospective","Cordova_2003","Vegetation","Vegetation","Berries","Berries","Berries",601000000,"Berries",148,910,378,2397.3,"No",4,"Gal.",0.6797659,0.65533924,0.63091254,0.17059842,0.3507525,2156,12399.348,9526.541,15272.154,13.625657,5.1254816,539,3099.837,0.029555108,9.370136,7.540069,6.369499
"236","Chugach","Upper Kenai 1990","Hope_1990","Vegetation","Vegetation","Berries","Berries","Berries",601000000,"Berries",41,64,99,151.6,"Yes",4,"Gal.",0.78099996,0.745,0.745,0.248,0.33900002,NA,603,557,649,9.42,3.98,NA,151,0.00035931356,6.3329005,5.0960307,4.945995
"237","Chugach","Seward/Moose Pass 2000/2001","Moose Pass_2000","Vegetation","Vegetation","Berries","Berries","Berries",601000000,"Berries",99,148,269,402,"Yes",4,"Gal.",0.727,0.59599996,0.59599996,0.43400002,0.26299998,923,1380.4,1133.8,1627,9.3,3.4,231,345.1,0.039,5.9,4.7,4.3
"238","Chugach","Seward/Moose Pass 2000/2001","Seward_2000","Vegetation","Vegetation","Berries","Berries","Berries",601000000,"Berries",104,1687,280,4542,"No",4,"Gal.",0.808,0.74,0.74,0.404,0.375,1432,23228,11216.9,35239.2,13.8,5.1,358,5807,0.053000003,7.9,6.3,3002.8
"239","Chugach","Tatitlek 1987/1988","Tatitlek_1987","Vegetation","Vegetation","Berries","Berries","Berries",601000000,"Berries",19,31,76,124,"No",4,"Gal.",1,0.78900003,0.78900003,0.632,0.632,694,1132,832,1432,36.526,9.13,173.5,283,0.00025894408,11.3459635,9.13,11.3459635
"240","Chugach","Tatitlek 1987/1988","Tatitlek_1988","Vegetation","Vegetation","Berries","Berries","Berries",601000000,"Berries",21,28,76,101.3,"No",4,"Gal.",0.905,0.857,0.857,0.23799999,0.76199996,1271,1695,1400,1990,60.52,16.73,317.75,424,0.00025995338,22.973013,18.486187,20.790577
"241","Chugach","Prince William Sound 1989","Tatitlek_1989","Vegetation","Vegetation","Berries","Berries","Berries",601000000,"Berries",22,28,87,110.7,"No",4,"Gal.",1,0.90900004,0.90900004,0.318,0.409,494,629,518,740,22.455,5.68,123.5,157,0.00026443016,7.0586057,5.68,7.0586057
"242","Chugach","Gulf of Alaska 1990","Tatitlek_1990","Vegetation","Vegetation","Berries","Berries","Berries",601000000,"Berries",17,28,75,123.5,"No",4,"Gal.",0.88199997,0.824,0.824,0.176,0.52900004,540,889,644,1134,31.765,7.2,135,222,0.000471293,10.14459,8.163265,8.947529
"243","Chugach","MMSII 1991","Tatitlek_1991","Vegetation","Vegetation","Berries","Berries","Berries",601000000,"Berries",19,27,76,108,"No",4,"Gal.",0.94699997,0.895,0.895,0.632,0.474,488.52,694,508,880,25.712,6.43,122.13,174,0.00018572537,8.437846,6.7898626,7.99064
"244","Chugach","MMSII 1993","Tatitlek_1993","Vegetation","Vegetation","Berries","Berries","Berries",601000000,"Berries",20,28,69,96.6,"No",4,"Gal.",1,0.95,0.95,0.7,0.8,874,1224,936,1512,43.7,12.67,218.5,306,0.00046916323,15.745165,12.67,15.745165
"245","Chugach","EVOSTC Gulf of Alaska 1997","Tatitlek_1997","Vegetation","Vegetation","Berries","Berries","Berries",601000000,"Berries",16,27,48,81,"No",4,"Gal.",0.875,0.688,0.625,0.5,0.56299996,264,446,243,648,16.5,5.5,66,111,0.00013550054,7.8113346,6.285714,6.834918
"246","Chugach","EVOS 15 Year retrospective","Tatitlek_2003","Vegetation","Vegetation","Berries","Berries","Berries",601000000,"Berries",25,27,68,73.4,"No",4,"Gal.",0.92,0.76,0.68,0.52,0.72,200,295.57895,259.40475,331.75314,10.947369,4.024768,50,73.89474,0.013891042,5.436553,4.3747478,5.0016284
"247","Chugach","MMSII 1991","Valdez_1991","Vegetation","Vegetation","Berries","Berries","Berries",601000000,"Berries",100,1231,330,4062.3,"No",4,"Gal.",0.6,0.52,0.52,0.23,0.25,793.8,9772,6412,13132,7.938,2.41,198,2443,0.00027373238,4.9915614,4.016667,2.9949367
"248","Chugach","MMSII 1992","Valdez_1992","Vegetation","Vegetation","Berries","Berries","Berries",601000000,"Berries",100,1257,297,3733.3,"Yes",4,"Gal.",0.6,0.53,0.53,0.29,0.18,713.56,8970,5666,12274,7.136,2.4,178,2242,0.00023233646,4.9708495,4,2.9825096
"249","Chugach","MMSII 1993","Valdez_1993","Vegetation","Vegetation","Berries","Berries","Berries",601000000,"Berries",35,1257,104,3735.1,"No",4,"Gal.",0.571,0.571,0.571,0.11399999,0.286,277,9948,5977,13919,7.914,2.66,69.25,2487,0.00033514018,5.789168,4.658494,3.305615
"250","Chugach","Upper Kenai 1990","Whittier_1990","Vegetation","Vegetation","Berries","Berries","Berries",601000000,"Berries",56,103,150,279.1,"Yes",4,"Gal.",0.758,0.715,0.715,0.152,0.16299999,NA,993,930,1057,9.64,3.56,NA,248,0.0004451318,5.836485,4.6965694,4.424056
"251","Chugach","EVOS Update 2014 (PWS)","Chenega_2014","Vegetation","Vegetation","Berries","Berries","Blueberry",601002000,"Blueberry",12,17,25,35.4,"Yes",4,"Gal.",0.667,0.583,0.583,0.333,0.25,88.5,125.4,88.5,176.93939,7.4,3.5399966,22.1,31.3,0.0139999995,6.5987964,5.309995,4.3991976
"252","Chugach","EVOS Update 2014 (PWS)","Chenega_2014","Vegetation","Vegetation","Berries","Berries","Low Bush Cranberry",601004000,"Low Bush Cranberry",12,17,25,35.4,"Yes",4,"Gal.",0.333,0.333,0.333,0,0.16700001,29,41.1,29,69.952194,2.4,1.1599989,7.3,10.3,0.005,4.324635,3.4799967,1.4415449
"253","Chugach","EVOS Update 2014 (PWS)","Chenega_2014","Vegetation","Vegetation","Berries","Berries","High Bush Cranberry",601006000,"High Bush Cranberry",12,17,25,35.4,"Yes",4,"Gal.",0.25,0.25,0.25,0,0.083000004,60,85,60,149.09,5,2.3999977,15,21.3,0.009,11.930027,9.599991,2.9825068
"254","Chugach","EVOS Update 2014 (PWS)","Chenega_2014","Vegetation","Vegetation","Berries","Berries","Crowberry",601007000,"Crowberry",12,17,25,35.4,"Yes",4,"Gal.",0.083000004,0.083000004,0.083000004,0,0.083000004,6,8.5,6,18.649,0.5,0.23999977,1.5,2.1,0.001,3.579008,2.8799973,0.29825068
"255","Chugach","EVOS Update 2014 (PWS)","Chenega_2014","Vegetation","Vegetation","Berries","Berries","Gooseberry",601010000,"Gooseberry",12,17,25,35.4,"Yes",4,"Gal.",0.083000004,0.083000004,0.083000004,0,0,8,11.3,8,24.7922,0.7,0.3199997,2,2.8,0.001,4.772011,3.8399963,0.39766756
"256","Chugach","EVOS Update 2014 (PWS)","Chenega_2014","Vegetation","Vegetation","Berries","Berries","Currants",601012000,"Currants",12,17,25,35.4,"Yes",4,"Gal.",0.083000004,0.083000004,0.083000004,0,0,0.5,0.7,0.5,1.5358,0,0.01999998,0.1,0.2,0,0.29825068,0.23999977,0.024854222
"257","Chugach","EVOS Update 2014 (PWS)","Chenega_2014","Vegetation","Vegetation","Berries","Berries","Huckleberry",601014000,"Huckleberry",12,17,25,35.4,"Yes",4,"Gal.",0.083000004,0.083000004,0.083000004,0,0,4,5.7,4,12.5058,0.3,0.15999985,1,1.4,0.001,2.3860054,1.9199982,0.19883378
"258","Chugach","EVOS Update 2014 (PWS)","Chenega_2014","Vegetation","Vegetation","Berries","Berries","Salmonberry",601022000,"Salmonberry",12,17,25,35.4,"Yes",4,"Gal.",0.667,0.667,0.667,0.083000004,0.16700001,112.3,159.1,112.3,239.12732,9.4,4.4912457,28.1,39.8,0.018,8.37199,6.736869,5.5813265
"259","Chugach","EVOS Update 2014 (PWS)","Chenega_2014","Vegetation","Vegetation","Berries","Berries","Strawberry",601026000,"Strawberry",12,17,25,35.4,"Yes",4,"Gal.",0.16700001,0.16700001,0.16700001,0.083000004,0.083000004,48,68,48,130.42401,4,1.9199982,12,17,0.008,14.316032,11.519989,2.3860054
"260","Chugach","EVOS Update 2014 (PWS)","Chenega_2014","Vegetation","Vegetation","Berries","Berries","Twisted Stalk Berry (Watermelon Berry)",601032000,"Twisted Stalk Berry (Watermelon Berry)",12,17,25,35.4,"Yes",4,"Gal.",0.083000004,0.083000004,0.083000004,0,0,0.8,1.1,0.8,2.4134002,0.1,0.029999971,0.2,0.3,0,0.447376,0.35999966,0.037281334
"261","Chugach","EVOS Update 2014 (PWS)","Chenega_2014","Vegetation","Vegetation","Berries","Berries","Bearberry",601036000,"Bearberry",12,17,25,35.4,"Yes",4,"Gal.",0.083000004,0.083000004,0.083000004,0,0,0.5,0.7,0.5,1.5358,0,0.01999998,0.1,0.2,0,0.29825068,0.23999977,0.024854222
"262","Chugach","EVOS Update 2014 (PWS)","Cordova_2014","Vegetation","Vegetation","Berries","Berries","Blueberry",601002000,"Blueberry",184,950,504,2602.2,"Yes",4,"Gal.",0.685,0.62,0.603,0.239,0.272,1486.8,7676.2,5672.712,9679.688,8.1,2.9499009,371.7,1919,0.025,5.353346,4.3077917,3.665878
"263","Chugach","EVOS Update 2014 (PWS)","Cordova_2014","Vegetation","Vegetation","Berries","Berries","Low Bush Cranberry",601004000,"Low Bush Cranberry",184,950,504,2602.2,"Yes",4,"Gal.",0.288,0.255,0.25,0.071,0.12,422.8,2182.7,1313.9854,3051.4146,2.3,0.8387897,105.7,545.7,0.0069999998,3.6188087,2.9120245,1.0423743
"264","Chugach","EVOS Update 2014 (PWS)","Cordova_2014","Vegetation","Vegetation","Berries","Berries","High Bush Cranberry",601006000,"High Bush Cranberry",184,950,504,2602.2,"Yes",4,"Gal.",0.12,0.11399999,0.11399999,0.011,0.054,173.3,894.5,418.626,1370.374,0.9,0.34375,43.3,223.6,0.003,3.572798,2.875,0.42718238
"265","Chugach","EVOS Update 2014 (PWS)","Cordova_2014","Vegetation","Vegetation","Berries","Berries","Crowberry",601007000,"Crowberry",184,950,504,2602.2,"Yes",4,"Gal.",0.005,0.005,0.005,0,0.005,4,20.7,4,57.3804,0,0.007936508,1,5.2,0,1.8147545,1.4603175,0.009862796
"266","Chugach","EVOS Update 2014 (PWS)","Cordova_2014","Vegetation","Vegetation","Berries","Berries","Gooseberry",601010000,"Gooseberry",184,950,504,2602.2,"Yes",4,"Gal.",0.005,0.005,0.005,0,0,1,5.2,1,14.414399,0,0.001984127,0.3,1.3,0,0.45368862,0.36507937,0.002465699
"267","Chugach","EVOS Update 2014 (PWS)","Cordova_2014","Vegetation","Vegetation","Berries","Berries","Currants",601012000,"Currants",184,950,504,2602.2,"Yes",4,"Gal.",0.038,0.033,0.033,0.016,0.022,72,371.7,72,773.13605,0.4,0.14285715,18,92.9,0.001,4.6665115,3.7551022,0.17753033
"268","Chugach","EVOS Update 2014 (PWS)","Cordova_2014","Vegetation","Vegetation","Berries","Berries","Nagoonberry",601018000,"Nagoonberry",184,950,504,2602.2,"Yes",4,"Gal.",0.48400003,0.44599998,0.435,0.141,0.21700001,822.6,4270.2,2835.413,5704.9873,4.5,1.6410018,205.6,1067.5,0.0139999995,4.216067,3.392633,2.0392933
"269","Chugach","EVOS Update 2014 (PWS)","Cordova_2014","Vegetation","Vegetation","Berries","Berries","Raspberry",601020000,"Raspberry",184,950,504,2602.2,"Yes",4,"Gal.",0.011,0.011,0.011,0.005,0.005,20,206.5,23.541,389.45898,0.2,0.07936508,5,51.6,0.001,9.073772,7.301587,0.09862796
"270","Chugach","EVOS Update 2014 (PWS)","Cordova_2014","Vegetation","Vegetation","Berries","Berries","Salmonberry",601022000,"Salmonberry",184,950,504,2602.2,"Yes",4,"Gal.",0.696,0.65199995,0.65199995,0.19600001,0.21700001,1584.3,8269.4,6268.2056,10270.596,8.7,3.1778955,396.1,2067.4,0.027,5.676989,4.568225,3.94921
"271","Chugach","EVOS Update 2014 (PWS)","Cordova_2014","Vegetation","Vegetation","Berries","Berries","Strawberry",601026000,"Strawberry",184,950,504,2602.2,"Yes",4,"Gal.",0.17899999,0.158,0.158,0.043,0.065,176.3,915,176.3,1848.3,1,0.3516133,44.1,228.7,0.003,2.4363508,1.9605106,0.4369542
"272","Chugach","EVOS Update 2014 (PWS)","Cordova_2014","Vegetation","Vegetation","Berries","Berries","Twisted Stalk Berry (Watermelon Berry)",601032000,"Twisted Stalk Berry (Watermelon Berry)",184,950,504,2602.2,"Yes",4,"Gal.",0.016,0.016,0.016,0,0.005,10,51.6,10,106.1928,0.1,0.01984127,2.5,12.9,0,1.5122955,1.2169312,0.02465699
"273","Chugach","EVOS Update 2014 (PWS)","Tatitlek_2014","Vegetation","Vegetation","Berries","Berries","Blueberry",601002000,"Blueberry",21,27,58,74.6,"Yes",4,"Gal.",0.619,0.571,0.571,0.143,0.19,156,210.6,156,290.41742,7.8,2.824139,39,52.7,0.01,5.6693416,4.562071,3.5095923
"274","Chugach","EVOS Update 2014 (PWS)","Tatitlek_2014","Vegetation","Vegetation","Berries","Berries","Low Bush Cranberry",601004000,"Low Bush Cranberry",21,27,58,74.6,"Yes",4,"Gal.",0.048,0.048,0.048,0,0,8,10.3,8,20.4249,0.4,0.1379311,2,2.6,0,3.599582,2.8965528,0.17140867
"275","Chugach","EVOS Update 2014 (PWS)","Tatitlek_2014","Vegetation","Vegetation","Berries","Berries","High Bush Cranberry",601006000,"High Bush Cranberry",21,27,58,74.6,"Yes",4,"Gal.",0.19,0.19,0.19,0,0.048,42,54,42,83.754,2,0.7241382,10.5,13.5,0.002,4.724451,3.8017256,0.8998955
"276","Chugach","EVOS Update 2014 (PWS)","Tatitlek_2014","Vegetation","Vegetation","Berries","Berries","Nagoonberry",601018000,"Nagoonberry",21,27,58,74.6,"Yes",4,"Gal.",0.048,0.048,0.048,0,0,0.3,0.3,0.3,0.5949,0,0.0043103467,0.1,0.1,0,0.112486936,0.090517275,0.005356521
"277","Chugach","EVOS Update 2014 (PWS)","Tatitlek_2014","Vegetation","Vegetation","Berries","Berries","Raspberry",601020000,"Raspberry",21,27,58,74.6,"Yes",4,"Gal.",0.048,0.048,0.048,0,0,12,15.4,12,30.5382,0.6,0.20689663,3,3.9,0.001,5.399373,4.344829,0.25711298
"278","Chugach","EVOS Update 2014 (PWS)","Tatitlek_2014","Vegetation","Vegetation","Berries","Berries","Salmonberry",601022000,"Salmonberry",21,27,58,74.6,"Yes",4,"Gal.",0.76199996,0.714,0.714,0.143,0.143,176.3,237.9,176.3,339.7212,8.8,3.190734,44.1,59.5,0.011,5.2042785,4.1878386,3.9651644
