"","Project_Name","Site_Year_Code","Site","Year","Habitat","Taxa_lvl1","Taxa_lvl2","Taxa_lvl3","Taxa_lvl4","Taxa_lvl5","Resource_Code","Resource_Name","Percent_Using","Percent_Attempting_to_Harvest","Percent_Harvesting","Percent_Receiving","Percent_Giving","Reported_Pounds_Harvested","Estimated_Total_Pounds_Harvested","Lower_Pounds_Harvested","Upper_Pounds_Harvested","Mean_Pounds_Per_Household","Percapita_Pounds_Harvested","Conversion_Units_To_Pounds","Resource_Harvest_Units","Number_Of_Resource_Harvested","Estimated_Amount_Harvested","Mean_Grams_Per_Capita_Use","Mean_Pounds_Per_Capita_Use","Mean_Grams_Percapita_Harvest"
"1","Sitka Subsistence Herring Roe Harvest 2004","Sitka_2004","Sitka","2004","Nearshore","Fish","Non-Salmon Fish","Herring","Herring Roe","Herring Roe","120300000","Herring Roe",0.97199994,0.548,0.597,0.38900003,0.597,278663,381226,312224,450228,1935.2,613.9,1,"lb.",278663,381226,784.9,631.6,762.9
"2","Sitka Subsistence Herring Roe Harvest 2005","Sitka_2005","Sitka","2005","Nearshore","Fish","Non-Salmon Fish","Herring","Herring Roe","Herring Roe","120300000","Herring Roe",0.98800004,0.613,0.519,0.39400002,0.35599998,69072,79063,72264,85863,431.7,76.8,1,"lb.",69072,79064,96.6,77.7,95.4
"3","Sitka Subsistence Herring Roe Harvest 2006","Sitka_2007","Sitka","2007","Nearshore","Fish","Non-Salmon Fish","Herring","Herring Roe","Herring Roe","120300000","Herring Roe",0.881,0.548,0.48400003,0.579,0.32700002,65408,87211,67701,106720,519.1,184.8,1,"lb.",65408,87211,260.7,209.8,229.7
"4","Prince of Wales Deer 1999","Craig_1999","Craig","1999","Terrestrial","Land Mammals","Large Land Mammals","Deer","Deer","Deer","211200000","Deer",0.75769997,0.6416,0.4065,0.42290002,0.21530001,NA,59504,NA,NA,86.74,32.56,NA,"Ind.",NA,743,NA,NA,NA
"5","Prince of Wales Deer 1999","Ketchikan_1999","Ketchikan","1999","Terrestrial","Land Mammals","Large Land Mammals","Deer","Deer","Deer","211200000","Deer",0.4497,0.2866,0.0686,0.3652,0.0801,NA,60800,NA,NA,10.98,3.78,NA,"Ind.",NA,760,NA,NA,NA
"6","Prince of Wales Deer 1999","Klawock_1999","Klawock","1999","Terrestrial","Land Mammals","Large Land Mammals","Deer","Deer","Deer","211200000","Deer",0.78089994,0.5945,0.4779,0.461,0.2005,NA,38056,NA,NA,118.93,39.3,NA,"Ind.",NA,475,NA,NA,NA
"7","Marine Mammals 1995","Angoon_1995","Angoon","1995","Marine","Marine Mammals","Marine Mammals","Seal","Seal","Harbor Seal","300806000","Harbor Seal",NA,NA,NA,NA,NA,6464.5,6972,5786,8157,NA,NA,56,"Ind.",75,81,NA,NA,NA
"8","Marine Mammals 1996","Angoon_1996","Angoon","1996","Marine","Marine Mammals","Marine Mammals","Seal","Seal","Harbor Seal","300806000","Harbor Seal",NA,NA,NA,NA,NA,6086.5,6087,6087,6087,NA,NA,56,"Ind.",71,71,NA,NA,NA
"9","Marine Mammals 1997","Angoon_1997","Angoon","1997","Marine","Marine Mammals","Marine Mammals","Seal","Seal","Harbor Seal","300806000","Harbor Seal",NA,NA,NA,NA,NA,4280.5,4366,4059,4673,NA,NA,56,"Ind.",50,51,NA,NA,NA
"10","Marine Mammals 1998","Angoon_1998","Angoon","1998","Marine","Marine Mammals","Marine Mammals","Seal","Seal","Harbor Seal","300806000","Harbor Seal",NA,NA,NA,NA,NA,4574.5,4575,4575,4575,NA,NA,56,"Ind.",53,53,NA,NA,NA
"11","Marine Mammals 2000","Angoon_2000","Angoon","2000","Marine","Marine Mammals","Marine Mammals","Seal","Seal","Harbor Seal","300806000","Harbor Seal",NA,NA,NA,NA,NA,5372.5,5480,4985,5975,NA,NA,56,"Ind.",63,64,NA,NA,NA
"12","Marine Mammals 2001","Angoon_2001","Angoon","2001","Marine","Marine Mammals","Marine Mammals","Seal","Seal","Harbor Seal","300806000","Harbor Seal",NA,NA,NA,NA,NA,6940.5,7279,6143,8415,NA,NA,56,"Ind.",81,85,NA,NA,NA
"13","Marine Mammals 2002","Angoon_2002","Angoon","2002","Marine","Marine Mammals","Marine Mammals","Seal","Seal","Harbor Seal","300806000","Harbor Seal",NA,NA,NA,NA,NA,5806.5,6304,NA,NA,NA,NA,56,"Ind.",67,73,NA,NA,NA
"14","Marine Mammals 2003","Angoon_2003","Angoon","2003","Marine","Marine Mammals","Marine Mammals","Seal","Seal","Harbor Seal","300806000","Harbor Seal",NA,NA,NA,NA,NA,4203.5,4713,NA,NA,NA,NA,56,"Ind.",49,55,NA,NA,NA
"15","Marine Mammals 2004","Angoon_2004","Angoon","2004","Marine","Marine Mammals","Marine Mammals","Seal","Seal","Harbor Seal","300806000","Harbor Seal",NA,NA,NA,NA,NA,3867.5,4071,NA,NA,NA,NA,56,"Ind.",45,47,NA,NA,NA
"16","Marine Mammals 2005","Angoon_2005","Angoon","2005","Marine","Marine Mammals","Marine Mammals","Seal","Seal","Harbor Seal","300806000","Harbor Seal",NA,NA,NA,NA,NA,4742.5,4871,4742,5449,NA,NA,56,"Ind.",56,58,NA,NA,NA
"17","Marine Mammals 2006","Angoon_2006","Angoon","2006","Marine","Marine Mammals","Marine Mammals","Seal","Seal","Harbor Seal","300806000","Harbor Seal",NA,NA,NA,NA,NA,3955,3955,3955,3955,NA,NA,56,"Ind.",46,46,NA,NA,NA
"18","Marine Mammals 1995","Angoon_1995","Angoon","1995","Marine","Marine Mammals","Marine Mammals","Stellar Sea Lion","Stellar Sea Lion","Stellar Sea Lion","301200000","Steller Sea Lion",NA,NA,NA,NA,NA,0,0,0,0,NA,NA,200,"Ind.",0,0,NA,NA,NA
"19","Marine Mammals 1996","Angoon_1996","Angoon","1996","Marine","Marine Mammals","Marine Mammals","Stellar Sea Lion","Stellar Sea Lion","Stellar Sea Lion","301200000","Steller Sea Lion",NA,NA,NA,NA,NA,0,0,0,0,NA,NA,200,"Ind.",0,0,NA,NA,NA
"20","Marine Mammals 1997","Angoon_1997","Angoon","1997","Marine","Marine Mammals","Marine Mammals","Stellar Sea Lion","Stellar Sea Lion","Stellar Sea Lion","301200000","Steller Sea Lion",NA,NA,NA,NA,NA,0,0,0,0,NA,NA,200,"Ind.",0,0,NA,NA,NA
"21","Marine Mammals 1998","Angoon_1998","Angoon","1998","Marine","Marine Mammals","Marine Mammals","Stellar Sea Lion","Stellar Sea Lion","Stellar Sea Lion","301200000","Steller Sea Lion",NA,NA,NA,NA,NA,0,0,0,0,NA,NA,200,"Ind.",0,0,NA,NA,NA
"22","Marine Mammals 2000","Angoon_2000","Angoon","2000","Marine","Marine Mammals","Marine Mammals","Stellar Sea Lion","Stellar Sea Lion","Stellar Sea Lion","301200000","Steller Sea Lion",NA,NA,NA,NA,NA,200,204,148,260,NA,NA,200,"Ind.",1,1,NA,NA,NA
"23","Marine Mammals 2001","Angoon_2001","Angoon","2001","Marine","Marine Mammals","Marine Mammals","Stellar Sea Lion","Stellar Sea Lion","Stellar Sea Lion","301200000","Steller Sea Lion",NA,NA,NA,NA,NA,0,0,0,0,NA,NA,200,"Ind.",0,0,NA,NA,NA
"24","Marine Mammals 2002","Angoon_2002","Angoon","2002","Marine","Marine Mammals","Marine Mammals","Stellar Sea Lion","Stellar Sea Lion","Stellar Sea Lion","301200000","Steller Sea Lion",NA,NA,NA,NA,NA,0,0,NA,NA,NA,NA,200,"Ind.",0,0,NA,NA,NA
"25","Marine Mammals 2003","Angoon_2003","Angoon","2003","Marine","Marine Mammals","Marine Mammals","Stellar Sea Lion","Stellar Sea Lion","Stellar Sea Lion","301200000","Steller Sea Lion",NA,NA,NA,NA,NA,0,0,NA,NA,NA,NA,200,"Ind.",0,0,NA,NA,NA
"26","Marine Mammals 2004","Angoon_2004","Angoon","2004","Marine","Marine Mammals","Marine Mammals","Stellar Sea Lion","Stellar Sea Lion","Stellar Sea Lion","301200000","Steller Sea Lion",NA,NA,NA,NA,NA,0,0,NA,NA,NA,NA,200,"Ind.",0,0,NA,NA,NA
"27","Marine Mammals 2005","Angoon_2005","Angoon","2005","Marine","Marine Mammals","Marine Mammals","Stellar Sea Lion","Stellar Sea Lion","Stellar Sea Lion","301200000","Steller Sea Lion",NA,NA,NA,NA,NA,0,0,0,0,NA,NA,200,"Ind.",0,0,NA,NA,NA
"28","Marine Mammals 2006","Angoon_2006","Angoon","2006","Marine","Marine Mammals","Marine Mammals","Stellar Sea Lion","Stellar Sea Lion","Stellar Sea Lion","301200000","Steller Sea Lion",NA,NA,NA,NA,NA,0,0,0,0,NA,NA,200,"Ind.",0,0,NA,NA,NA
"29","Marine Mammals 2007","Angoon_2007","Angoon","2007","Marine","Marine Mammals","Marine Mammals","Stellar Sea Lion","Stellar Sea Lion","Stellar Sea Lion","301200000","Steller Sea Lion",NA,NA,NA,NA,NA,0,0,0,0,NA,NA,200,"Ind.",0,0,NA,NA,NA
"30","Marine Mammals 2008","Angoon_2008","Angoon","2008","Marine","Marine Mammals","Marine Mammals","Stellar Sea Lion","Stellar Sea Lion","Stellar Sea Lion","301200000","Steller Sea Lion",NA,NA,NA,NA,NA,0,0,0,0,NA,NA,200,"Ind.",0,0,NA,NA,NA
"31","Marine Mammals 1995","Craig_1995","Craig","1995","Marine","Marine Mammals","Marine Mammals","Seal","Seal","Harbor Seal","300806000","Harbor Seal",NA,NA,NA,NA,NA,4690,5816,4440,7191,NA,NA,56,"Ind.",56,69,NA,NA,NA
"32","Marine Mammals 1996","Craig_1996","Craig","1996","Marine","Marine Mammals","Marine Mammals","Seal","Seal","Harbor Seal","300806000","Harbor Seal",NA,NA,NA,NA,NA,3468.5,3982,3197,4768,NA,NA,56,"Ind.",42,48,NA,NA,NA
"33","Marine Mammals 1997","Craig_1997","Craig","1997","Marine","Marine Mammals","Marine Mammals","Seal","Seal","Harbor Seal","300806000","Harbor Seal",NA,NA,NA,NA,NA,4837,5171,3881,6460,NA,NA,56,"Ind.",58,62,NA,NA,NA
"34","Marine Mammals 1998","Craig_1998","Craig","1998","Marine","Marine Mammals","Marine Mammals","Seal","Seal","Harbor Seal","300806000","Harbor Seal",NA,NA,NA,NA,NA,4326,4470,3979,4962,NA,NA,56,"Ind.",51,53,NA,NA,NA
"35","Marine Mammals 2000","Craig_2000","Craig","2000","Marine","Marine Mammals","Marine Mammals","Seal","Seal","Harbor Seal","300806000","Harbor Seal",NA,NA,NA,NA,NA,2922.5,2923,2923,2923,NA,NA,56,"Ind.",35,35,NA,NA,NA
"36","Marine Mammals 2001","Craig_2001","Craig","2001","Marine","Marine Mammals","Marine Mammals","Seal","Seal","Harbor Seal","300806000","Harbor Seal",NA,NA,NA,NA,NA,4483.5,4484,4484,4484,NA,NA,56,"Ind.",54,54,NA,NA,NA
"37","Marine Mammals 2002","Craig_2002","Craig","2002","Marine","Marine Mammals","Marine Mammals","Seal","Seal","Harbor Seal","300806000","Harbor Seal",NA,NA,NA,NA,NA,2775.5,3172,NA,NA,NA,NA,56,"Ind.",34,39,NA,NA,NA
"38","Marine Mammals 2003","Craig_2003","Craig","2003","Marine","Marine Mammals","Marine Mammals","Seal","Seal","Harbor Seal","300806000","Harbor Seal",NA,NA,NA,NA,NA,2341.5,2342,NA,NA,NA,NA,56,"Ind.",28,28,NA,NA,NA
"39","Marine Mammals 2004","Craig_2004","Craig","2004","Marine","Marine Mammals","Marine Mammals","Seal","Seal","Harbor Seal","300806000","Harbor Seal",NA,NA,NA,NA,NA,2229.5,2452,NA,NA,NA,NA,56,"Ind.",27,30,NA,NA,NA
"40","Marine Mammals 2005","Craig_2005","Craig","2005","Marine","Marine Mammals","Marine Mammals","Seal","Seal","Harbor Seal","300806000","Harbor Seal",NA,NA,NA,NA,NA,2149,2149,2149,2149,NA,NA,56,"Ind.",26,26,NA,NA,NA
"41","Marine Mammals 2006","Craig_2006","Craig","2006","Marine","Marine Mammals","Marine Mammals","Seal","Seal","Harbor Seal","300806000","Harbor Seal",NA,NA,NA,NA,NA,87.5,116,87,231,NA,NA,56,"Ind.",1,1,NA,NA,NA
"42","Marine Mammals 1995","Craig_1995","Craig","1995","Marine","Marine Mammals","Marine Mammals","Stellar Sea Lion","Stellar Sea Lion","Stellar Sea Lion","301200000","Steller Sea Lion",NA,NA,NA,NA,NA,0,0,0,0,NA,NA,200,"Ind.",0,0,NA,NA,NA
"43","Marine Mammals 1996","Craig_1996","Craig","1996","Marine","Marine Mammals","Marine Mammals","Stellar Sea Lion","Stellar Sea Lion","Stellar Sea Lion","301200000","Steller Sea Lion",NA,NA,NA,NA,NA,0,0,0,0,NA,NA,200,"Ind.",0,0,NA,NA,NA
"44","Marine Mammals 1997","Craig_1997","Craig","1997","Marine","Marine Mammals","Marine Mammals","Stellar Sea Lion","Stellar Sea Lion","Stellar Sea Lion","301200000","Steller Sea Lion",NA,NA,NA,NA,NA,0,0,0,0,NA,NA,200,"Ind.",0,0,NA,NA,NA
"45","Marine Mammals 1998","Craig_1998","Craig","1998","Marine","Marine Mammals","Marine Mammals","Stellar Sea Lion","Stellar Sea Lion","Stellar Sea Lion","301200000","Steller Sea Lion",NA,NA,NA,NA,NA,0,0,0,0,NA,NA,200,"Ind.",0,0,NA,NA,NA
"46","Marine Mammals 2000","Craig_2000","Craig","2000","Marine","Marine Mammals","Marine Mammals","Stellar Sea Lion","Stellar Sea Lion","Stellar Sea Lion","301200000","Steller Sea Lion",NA,NA,NA,NA,NA,0,0,0,0,NA,NA,200,"Ind.",0,0,NA,NA,NA
"47","Marine Mammals 2001","Craig_2001","Craig","2001","Marine","Marine Mammals","Marine Mammals","Stellar Sea Lion","Stellar Sea Lion","Stellar Sea Lion","301200000","Steller Sea Lion",NA,NA,NA,NA,NA,0,0,0,0,NA,NA,200,"Ind.",0,0,NA,NA,NA
"48","Marine Mammals 2002","Craig_2002","Craig","2002","Marine","Marine Mammals","Marine Mammals","Stellar Sea Lion","Stellar Sea Lion","Stellar Sea Lion","301200000","Steller Sea Lion",NA,NA,NA,NA,NA,0,0,NA,NA,NA,NA,200,"Ind.",0,0,NA,NA,NA
"49","Marine Mammals 2003","Craig_2003","Craig","2003","Marine","Marine Mammals","Marine Mammals","Stellar Sea Lion","Stellar Sea Lion","Stellar Sea Lion","301200000","Steller Sea Lion",NA,NA,NA,NA,NA,0,0,NA,NA,NA,NA,200,"Ind.",0,0,NA,NA,NA
"50","Marine Mammals 2004","Craig_2004","Craig","2004","Marine","Marine Mammals","Marine Mammals","Stellar Sea Lion","Stellar Sea Lion","Stellar Sea Lion","301200000","Steller Sea Lion",NA,NA,NA,NA,NA,600,660,NA,NA,NA,NA,200,"Ind.",3,3,NA,NA,NA
"51","Marine Mammals 2005","Craig_2005","Craig","2005","Marine","Marine Mammals","Marine Mammals","Stellar Sea Lion","Stellar Sea Lion","Stellar Sea Lion","301200000","Steller Sea Lion",NA,NA,NA,NA,NA,0,0,0,0,NA,NA,200,"Ind.",0,0,NA,NA,NA
"52","Marine Mammals 2006","Craig_2006","Craig","2006","Marine","Marine Mammals","Marine Mammals","Stellar Sea Lion","Stellar Sea Lion","Stellar Sea Lion","301200000","Steller Sea Lion",NA,NA,NA,NA,NA,0,0,0,0,NA,NA,200,"Ind.",0,0,NA,NA,NA
"53","Marine Mammals 2007","Craig_2007","Craig","2007","Marine","Marine Mammals","Marine Mammals","Stellar Sea Lion","Stellar Sea Lion","Stellar Sea Lion","301200000","Steller Sea Lion",NA,NA,NA,NA,NA,0,0,0,0,NA,NA,200,"Ind.",0,0,NA,NA,NA
"54","Marine Mammals 1995","Haines_1995","Haines","1995","Marine","Marine Mammals","Marine Mammals","Seal","Seal","Harbor Seal","300806000","Harbor Seal",NA,NA,NA,NA,NA,1977.5,1978,1978,1978,NA,NA,56,"Ind.",24,24,NA,NA,NA
"55","Marine Mammals 1996","Haines_1996","Haines","1996","Marine","Marine Mammals","Marine Mammals","Seal","Seal","Harbor Seal","300806000","Harbor Seal",NA,NA,NA,NA,NA,3027.5,3460,2705,4215,NA,NA,56,"Ind.",36,41,NA,NA,NA
"56","Marine Mammals 1997","Haines_1997","Haines","1997","Marine","Marine Mammals","Marine Mammals","Seal","Seal","Harbor Seal","300806000","Harbor Seal",NA,NA,NA,NA,NA,2317,3041,2353,3729,NA,NA,56,"Ind.",28,37,NA,NA,NA
"57","Marine Mammals 1998","Haines_1998","Haines","1998","Marine","Marine Mammals","Marine Mammals","Seal","Seal","Harbor Seal","300806000","Harbor Seal",NA,NA,NA,NA,NA,2404.5,2546,2289,2803,NA,NA,56,"Ind.",29,31,NA,NA,NA
"58","Marine Mammals 2000","Haines_2000","Haines","2000","Marine","Marine Mammals","Marine Mammals","Seal","Seal","Harbor Seal","300806000","Harbor Seal",NA,NA,NA,NA,NA,1029,1497,515,2478,NA,NA,56,"Ind.",12,17,NA,NA,NA
"59","Marine Mammals 2001","Haines_2001","Haines","2001","Marine","Marine Mammals","Marine Mammals","Seal","Seal","Harbor Seal","300806000","Harbor Seal",NA,NA,NA,NA,NA,1445.5,1638,1186,2091,NA,NA,56,"Ind.",17,19,NA,NA,NA
"60","Marine Mammals 2002","Haines_2002","Haines","2002","Marine","Marine Mammals","Marine Mammals","Seal","Seal","Harbor Seal","300806000","Harbor Seal",NA,NA,NA,NA,NA,1225,1602,NA,NA,NA,NA,56,"Ind.",15,20,NA,NA,NA
"61","Marine Mammals 2003","Haines_2003","Haines","2003","Marine","Marine Mammals","Marine Mammals","Seal","Seal","Harbor Seal","300806000","Harbor Seal",NA,NA,NA,NA,NA,766.5,1022,NA,NA,NA,NA,56,"Ind.",9,12,NA,NA,NA
"62","Marine Mammals 2004","Haines_2004","Haines","2004","Marine","Marine Mammals","Marine Mammals","Seal","Seal","Harbor Seal","300806000","Harbor Seal",NA,NA,NA,NA,NA,588,588,NA,NA,NA,NA,56,"Ind.",7,7,NA,NA,NA
"63","Marine Mammals 2005","Haines_2005","Haines","2005","Marine","Marine Mammals","Marine Mammals","Seal","Seal","Harbor Seal","300806000","Harbor Seal",NA,NA,NA,NA,NA,164.5,164,164,164,NA,NA,56,"Ind.",2,2,NA,NA,NA
"64","Marine Mammals 2006","Haines_2006","Haines","2006","Marine","Marine Mammals","Marine Mammals","Seal","Seal","Harbor Seal","300806000","Harbor Seal",NA,NA,NA,NA,NA,329,388,329,687,NA,NA,56,"Ind.",4,4,NA,NA,NA
"65","Marine Mammals 1995","Haines_1995","Haines","1995","Marine","Marine Mammals","Marine Mammals","Stellar Sea Lion","Stellar Sea Lion","Stellar Sea Lion","301200000","Steller Sea Lion",NA,NA,NA,NA,NA,0,0,0,0,NA,NA,200,"Ind.",0,0,NA,NA,NA
"66","Marine Mammals 1996","Haines_1996","Haines","1996","Marine","Marine Mammals","Marine Mammals","Stellar Sea Lion","Stellar Sea Lion","Stellar Sea Lion","301200000","Steller Sea Lion",NA,NA,NA,NA,NA,0,0,0,0,NA,NA,200,"Ind.",0,0,NA,NA,NA
"67","Marine Mammals 1997","Haines_1997","Haines","1997","Marine","Marine Mammals","Marine Mammals","Stellar Sea Lion","Stellar Sea Lion","Stellar Sea Lion","301200000","Steller Sea Lion",NA,NA,NA,NA,NA,0,0,0,0,NA,NA,200,"Ind.",0,0,NA,NA,NA
"68","Marine Mammals 1998","Haines_1998","Haines","1998","Marine","Marine Mammals","Marine Mammals","Stellar Sea Lion","Stellar Sea Lion","Stellar Sea Lion","301200000","Steller Sea Lion",NA,NA,NA,NA,NA,0,0,0,0,NA,NA,200,"Ind.",0,0,NA,NA,NA
"69","Marine Mammals 2000","Haines_2000","Haines","2000","Marine","Marine Mammals","Marine Mammals","Stellar Sea Lion","Stellar Sea Lion","Stellar Sea Lion","301200000","Steller Sea Lion",NA,NA,NA,NA,NA,0,0,0,0,NA,NA,200,"Ind.",0,0,NA,NA,NA
"70","Marine Mammals 2001","Haines_2001","Haines","2001","Marine","Marine Mammals","Marine Mammals","Stellar Sea Lion","Stellar Sea Lion","Stellar Sea Lion","301200000","Steller Sea Lion",NA,NA,NA,NA,NA,0,0,0,0,NA,NA,200,"Ind.",0,0,NA,NA,NA
"71","Marine Mammals 2002","Haines_2002","Haines","2002","Marine","Marine Mammals","Marine Mammals","Stellar Sea Lion","Stellar Sea Lion","Stellar Sea Lion","301200000","Steller Sea Lion",NA,NA,NA,NA,NA,0,0,NA,NA,NA,NA,200,"Ind.",0,0,NA,NA,NA
"72","Marine Mammals 2003","Haines_2003","Haines","2003","Marine","Marine Mammals","Marine Mammals","Stellar Sea Lion","Stellar Sea Lion","Stellar Sea Lion","301200000","Steller Sea Lion",NA,NA,NA,NA,NA,0,0,NA,NA,NA,NA,200,"Ind.",0,0,NA,NA,NA
"73","Marine Mammals 2004","Haines_2004","Haines","2004","Marine","Marine Mammals","Marine Mammals","Stellar Sea Lion","Stellar Sea Lion","Stellar Sea Lion","301200000","Steller Sea Lion",NA,NA,NA,NA,NA,0,0,NA,NA,NA,NA,200,"Ind.",0,0,NA,NA,NA
"74","Marine Mammals 2005","Haines_2005","Haines","2005","Marine","Marine Mammals","Marine Mammals","Stellar Sea Lion","Stellar Sea Lion","Stellar Sea Lion","301200000","Steller Sea Lion",NA,NA,NA,NA,NA,0,0,0,0,NA,NA,200,"Ind.",0,0,NA,NA,NA
"75","Marine Mammals 2006","Haines_2006","Haines","2006","Marine","Marine Mammals","Marine Mammals","Stellar Sea Lion","Stellar Sea Lion","Stellar Sea Lion","301200000","Steller Sea Lion",NA,NA,NA,NA,NA,0,0,0,0,NA,NA,200,"Ind.",0,0,NA,NA,NA
"76","Marine Mammals 2007","Haines_2007","Haines","2007","Marine","Marine Mammals","Marine Mammals","Stellar Sea Lion","Stellar Sea Lion","Stellar Sea Lion","301200000","Steller Sea Lion",NA,NA,NA,NA,NA,0,0,0,0,NA,NA,200,"Ind.",0,0,NA,NA,NA
"77","Marine Mammals 2008","Haines_2008","Haines","2008","Marine","Marine Mammals","Marine Mammals","Stellar Sea Lion","Stellar Sea Lion","Stellar Sea Lion","301200000","Steller Sea Lion",NA,NA,NA,NA,NA,0,0,0,0,NA,NA,200,"Ind.",0,0,NA,NA,NA
"78","Marine Mammals 1995","Hoonah_1995","Hoonah","1995","Marine","Marine Mammals","Marine Mammals","Seal","Seal","Harbor Seal","300806000","Harbor Seal",NA,NA,NA,NA,NA,18357.5,20106,17426,22786,NA,NA,56,"Ind.",216,237,NA,NA,NA
"79","Marine Mammals 1996","Hoonah_1996","Hoonah","1996","Marine","Marine Mammals","Marine Mammals","Seal","Seal","Harbor Seal","300806000","Harbor Seal",NA,NA,NA,NA,NA,26971,30508,20681,40336,NA,NA,56,"Ind.",318,360,NA,NA,NA
"80","Marine Mammals 1997","Hoonah_1997","Hoonah","1997","Marine","Marine Mammals","Marine Mammals","Seal","Seal","Harbor Seal","300806000","Harbor Seal",NA,NA,NA,NA,NA,9824.5,12182,9569,14796,NA,NA,56,"Ind.",116,144,NA,NA,NA
"81","Marine Mammals 1998","Hoonah_1998","Hoonah","1998","Marine","Marine Mammals","Marine Mammals","Seal","Seal","Harbor Seal","300806000","Harbor Seal",NA,NA,NA,NA,NA,12922,14241,12509,15972,NA,NA,56,"Ind.",154,170,NA,NA,NA
"82","Marine Mammals 2000","Hoonah_2000","Hoonah","2000","Marine","Marine Mammals","Marine Mammals","Seal","Seal","Harbor Seal","300806000","Harbor Seal",NA,NA,NA,NA,NA,10734.5,12305,10750,13861,NA,NA,56,"Ind.",129,148,NA,NA,NA
"83","Marine Mammals 2001","Hoonah_2001","Hoonah","2001","Marine","Marine Mammals","Marine Mammals","Seal","Seal","Harbor Seal","300806000","Harbor Seal",NA,NA,NA,NA,NA,10850,11972,10188,13757,NA,NA,56,"Ind.",130,143,NA,NA,NA
"84","Marine Mammals 2002","Hoonah_2002","Hoonah","2002","Marine","Marine Mammals","Marine Mammals","Seal","Seal","Harbor Seal","300806000","Harbor Seal",NA,NA,NA,NA,NA,6751.5,8132,NA,NA,NA,NA,56,"Ind.",80,96,NA,NA,NA
"85","Marine Mammals 2003","Hoonah_2003","Hoonah","2003","Marine","Marine Mammals","Marine Mammals","Seal","Seal","Harbor Seal","300806000","Harbor Seal",NA,NA,NA,NA,NA,3773,4373,NA,NA,NA,NA,56,"Ind.",45,52,NA,NA,NA
"86","Marine Mammals 2004","Hoonah_2004","Hoonah","2004","Marine","Marine Mammals","Marine Mammals","Seal","Seal","Harbor Seal","300806000","Harbor Seal",NA,NA,NA,NA,NA,4973.5,8952,NA,NA,NA,NA,56,"Ind.",59,106,NA,NA,NA
"87","Marine Mammals 2005","Hoonah_2005","Hoonah","2005","Marine","Marine Mammals","Marine Mammals","Seal","Seal","Harbor Seal","300806000","Harbor Seal",NA,NA,NA,NA,NA,4438,4438,4438,4438,NA,NA,56,"Ind.",53,53,NA,NA,NA
"88","Marine Mammals 2006","Hoonah_2006","Hoonah","2006","Marine","Marine Mammals","Marine Mammals","Seal","Seal","Harbor Seal","300806000","Harbor Seal",NA,NA,NA,NA,NA,3661,4624,3661,6935,NA,NA,56,"Ind.",44,55,NA,NA,NA
"89","Marine Mammals 1995","Hoonah_1995","Hoonah","1995","Marine","Marine Mammals","Marine Mammals","Stellar Sea Lion","Stellar Sea Lion","Stellar Sea Lion","301200000","Steller Sea Lion",NA,NA,NA,NA,NA,0,0,0,0,NA,NA,200,"Ind.",0,0,NA,NA,NA
"90","Marine Mammals 1996","Hoonah_1996","Hoonah","1996","Marine","Marine Mammals","Marine Mammals","Stellar Sea Lion","Stellar Sea Lion","Stellar Sea Lion","301200000","Steller Sea Lion",NA,NA,NA,NA,NA,0,0,0,0,NA,NA,200,"Ind.",0,0,NA,NA,NA
"91","Marine Mammals 1997","Hoonah_1997","Hoonah","1997","Marine","Marine Mammals","Marine Mammals","Stellar Sea Lion","Stellar Sea Lion","Stellar Sea Lion","301200000","Steller Sea Lion",NA,NA,NA,NA,NA,0,0,0,0,NA,NA,200,"Ind.",0,0,NA,NA,NA
"92","Marine Mammals 1998","Hoonah_1998","Hoonah","1998","Marine","Marine Mammals","Marine Mammals","Stellar Sea Lion","Stellar Sea Lion","Stellar Sea Lion","301200000","Steller Sea Lion",NA,NA,NA,NA,NA,0,0,0,0,NA,NA,200,"Ind.",0,0,NA,NA,NA
"93","Marine Mammals 2000","Hoonah_2000","Hoonah","2000","Marine","Marine Mammals","Marine Mammals","Stellar Sea Lion","Stellar Sea Lion","Stellar Sea Lion","301200000","Steller Sea Lion",NA,NA,NA,NA,NA,0,0,0,0,NA,NA,200,"Ind.",0,0,NA,NA,NA
"94","Marine Mammals 2001","Hoonah_2001","Hoonah","2001","Marine","Marine Mammals","Marine Mammals","Stellar Sea Lion","Stellar Sea Lion","Stellar Sea Lion","301200000","Steller Sea Lion",NA,NA,NA,NA,NA,0,0,0,0,NA,NA,200,"Ind.",0,0,NA,NA,NA
"95","Marine Mammals 2002","Hoonah_2002","Hoonah","2002","Marine","Marine Mammals","Marine Mammals","Stellar Sea Lion","Stellar Sea Lion","Stellar Sea Lion","301200000","Steller Sea Lion",NA,NA,NA,NA,NA,0,0,NA,NA,NA,NA,200,"Ind.",0,0,NA,NA,NA
"96","Marine Mammals 2003","Hoonah_2003","Hoonah","2003","Marine","Marine Mammals","Marine Mammals","Stellar Sea Lion","Stellar Sea Lion","Stellar Sea Lion","301200000","Steller Sea Lion",NA,NA,NA,NA,NA,0,0,NA,NA,NA,NA,200,"Ind.",0,0,NA,NA,NA
"97","Marine Mammals 2004","Hoonah_2004","Hoonah","2004","Marine","Marine Mammals","Marine Mammals","Stellar Sea Lion","Stellar Sea Lion","Stellar Sea Lion","301200000","Steller Sea Lion",NA,NA,NA,NA,NA,0,0,NA,NA,NA,NA,200,"Ind.",0,0,NA,NA,NA
"98","Marine Mammals 2005","Hoonah_2005","Hoonah","2005","Marine","Marine Mammals","Marine Mammals","Stellar Sea Lion","Stellar Sea Lion","Stellar Sea Lion","301200000","Steller Sea Lion",NA,NA,NA,NA,NA,0,0,0,0,NA,NA,200,"Ind.",0,0,NA,NA,NA
"99","Marine Mammals 2006","Hoonah_2006","Hoonah","2006","Marine","Marine Mammals","Marine Mammals","Stellar Sea Lion","Stellar Sea Lion","Stellar Sea Lion","301200000","Steller Sea Lion",NA,NA,NA,NA,NA,0,0,0,0,NA,NA,200,"Ind.",0,0,NA,NA,NA
"100","Marine Mammals 2007","Hoonah_2007","Hoonah","2007","Marine","Marine Mammals","Marine Mammals","Stellar Sea Lion","Stellar Sea Lion","Stellar Sea Lion","301200000","Steller Sea Lion",NA,NA,NA,NA,NA,0,0,0,0,NA,NA,200,"Ind.",0,0,NA,NA,NA
"101","Marine Mammals 2008","Hoonah_2008","Hoonah","2008","Marine","Marine Mammals","Marine Mammals","Stellar Sea Lion","Stellar Sea Lion","Stellar Sea Lion","301200000","Steller Sea Lion",NA,NA,NA,NA,NA,0,0,0,0,NA,NA,200,"Ind.",0,0,NA,NA,NA
"102","Marine Mammals 1995","Hydaburg_1995","Hydaburg","1995","Marine","Marine Mammals","Marine Mammals","Seal","Seal","Harbor Seal","300806000","Harbor Seal",NA,NA,NA,NA,NA,525,565,409,721,NA,NA,56,"Ind.",6,6,NA,NA,NA
"103","Marine Mammals 1996","Hydaburg_1996","Hydaburg","1996","Marine","Marine Mammals","Marine Mammals","Seal","Seal","Harbor Seal","300806000","Harbor Seal",NA,NA,NA,NA,NA,843.5,1265,-167,2697,NA,NA,56,"Ind.",10,15,NA,NA,NA
"104","Marine Mammals 1997","Hydaburg_1997","Hydaburg","1997","Marine","Marine Mammals","Marine Mammals","Seal","Seal","Harbor Seal","300806000","Harbor Seal",NA,NA,NA,NA,NA,780.5,993,548,1438,NA,NA,56,"Ind.",9,11,NA,NA,NA
"105","Marine Mammals 1998","Hydaburg_1998","Hydaburg","1998","Marine","Marine Mammals","Marine Mammals","Seal","Seal","Harbor Seal","300806000","Harbor Seal",NA,NA,NA,NA,NA,756,1210,542,1877,NA,NA,56,"Ind.",9,14,NA,NA,NA
"106","Marine Mammals 2000","Hydaburg_2000","Hydaburg","2000","Marine","Marine Mammals","Marine Mammals","Seal","Seal","Harbor Seal","300806000","Harbor Seal",NA,NA,NA,NA,NA,756,1210,549,1871,NA,NA,56,"Ind.",9,14,NA,NA,NA
"107","Marine Mammals 2001","Hydaburg_2001","Hydaburg","2001","Marine","Marine Mammals","Marine Mammals","Seal","Seal","Harbor Seal","300806000","Harbor Seal",NA,NA,NA,NA,NA,756,1210,549,1871,NA,NA,56,"Ind.",9,14,NA,NA,NA
"108","Marine Mammals 2002","Hydaburg_2002","Hydaburg","2002","Marine","Marine Mammals","Marine Mammals","Seal","Seal","Harbor Seal","300806000","Harbor Seal",NA,NA,NA,NA,NA,756,1210,NA,NA,NA,NA,56,"Ind.",9,14,NA,NA,NA
"109","Marine Mammals 2003","Hydaburg_2003","Hydaburg","2003","Marine","Marine Mammals","Marine Mammals","Seal","Seal","Harbor Seal","300806000","Harbor Seal",NA,NA,NA,NA,NA,756,1210,NA,NA,NA,NA,56,"Ind.",9,14,NA,NA,NA
"110","Marine Mammals 2004","Hydaburg_2004","Hydaburg","2004","Marine","Marine Mammals","Marine Mammals","Seal","Seal","Harbor Seal","300806000","Harbor Seal",NA,NA,NA,NA,NA,756,1210,NA,NA,NA,NA,56,"Ind.",9,14,NA,NA,NA
"111","Marine Mammals 2006","Hydaburg_2006","Hydaburg","2006","Marine","Marine Mammals","Marine Mammals","Seal","Seal","Harbor Seal","300806000","Harbor Seal",NA,NA,NA,NA,NA,756,1209,756,1870,NA,NA,56,"Ind.",9,14,NA,NA,NA
"112","Marine Mammals 1995","Hydaburg_1995","Hydaburg","1995","Marine","Marine Mammals","Marine Mammals","Stellar Sea Lion","Stellar Sea Lion","Stellar Sea Lion","301200000","Steller Sea Lion",NA,NA,NA,NA,NA,0,0,0,0,NA,NA,200,"Ind.",0,0,NA,NA,NA
"113","Marine Mammals 1996","Hydaburg_1996","Hydaburg","1996","Marine","Marine Mammals","Marine Mammals","Stellar Sea Lion","Stellar Sea Lion","Stellar Sea Lion","301200000","Steller Sea Lion",NA,NA,NA,NA,NA,0,0,0,0,NA,NA,200,"Ind.",0,0,NA,NA,NA
"114","Marine Mammals 1997","Hydaburg_1997","Hydaburg","1997","Marine","Marine Mammals","Marine Mammals","Stellar Sea Lion","Stellar Sea Lion","Stellar Sea Lion","301200000","Steller Sea Lion",NA,NA,NA,NA,NA,0,0,0,0,NA,NA,200,"Ind.",0,0,NA,NA,NA
"115","Marine Mammals 1998","Hydaburg_1998","Hydaburg","1998","Marine","Marine Mammals","Marine Mammals","Stellar Sea Lion","Stellar Sea Lion","Stellar Sea Lion","301200000","Steller Sea Lion",NA,NA,NA,NA,NA,0,0,0,0,NA,NA,200,"Ind.",0,0,NA,NA,NA
"116","Marine Mammals 2000","Hydaburg_2000","Hydaburg","2000","Marine","Marine Mammals","Marine Mammals","Stellar Sea Lion","Stellar Sea Lion","Stellar Sea Lion","301200000","Steller Sea Lion",NA,NA,NA,NA,NA,0,0,0,0,NA,NA,200,"Ind.",0,0,NA,NA,NA
"117","Marine Mammals 2001","Hydaburg_2001","Hydaburg","2001","Marine","Marine Mammals","Marine Mammals","Stellar Sea Lion","Stellar Sea Lion","Stellar Sea Lion","301200000","Steller Sea Lion",NA,NA,NA,NA,NA,0,0,0,0,NA,NA,200,"Ind.",0,0,NA,NA,NA
"118","Marine Mammals 2002","Hydaburg_2002","Hydaburg","2002","Marine","Marine Mammals","Marine Mammals","Stellar Sea Lion","Stellar Sea Lion","Stellar Sea Lion","301200000","Steller Sea Lion",NA,NA,NA,NA,NA,0,0,NA,NA,NA,NA,200,"Ind.",0,0,NA,NA,NA
"119","Marine Mammals 2003","Hydaburg_2003","Hydaburg","2003","Marine","Marine Mammals","Marine Mammals","Stellar Sea Lion","Stellar Sea Lion","Stellar Sea Lion","301200000","Steller Sea Lion",NA,NA,NA,NA,NA,0,0,NA,NA,NA,NA,200,"Ind.",0,0,NA,NA,NA
"120","Marine Mammals 2004","Hydaburg_2004","Hydaburg","2004","Marine","Marine Mammals","Marine Mammals","Stellar Sea Lion","Stellar Sea Lion","Stellar Sea Lion","301200000","Steller Sea Lion",NA,NA,NA,NA,NA,0,0,NA,NA,NA,NA,200,"Ind.",0,0,NA,NA,NA
"121","Marine Mammals 2006","Hydaburg_2006","Hydaburg","2006","Marine","Marine Mammals","Marine Mammals","Stellar Sea Lion","Stellar Sea Lion","Stellar Sea Lion","301200000","Steller Sea Lion",NA,NA,NA,NA,NA,0,0,0,0,NA,NA,200,"Ind.",0,0,NA,NA,NA
"122","Marine Mammals 2007","Hydaburg_2007","Hydaburg","2007","Marine","Marine Mammals","Marine Mammals","Stellar Sea Lion","Stellar Sea Lion","Stellar Sea Lion","301200000","Steller Sea Lion",NA,NA,NA,NA,NA,0,0,0,0,NA,NA,200,"Ind.",0,0,NA,NA,NA
"123","Marine Mammals 1995","Juneau_1995","Juneau","1995","Marine","Marine Mammals","Marine Mammals","Seal","Seal","Harbor Seal","300806000","Harbor Seal",NA,NA,NA,NA,NA,2891,3647,2675,4619,NA,NA,56,"Ind.",34,43,NA,NA,NA
"124","Marine Mammals 1996","Juneau_1996","Juneau","1996","Marine","Marine Mammals","Marine Mammals","Seal","Seal","Harbor Seal","300806000","Harbor Seal",NA,NA,NA,NA,NA,2100,2756,1938,3575,NA,NA,56,"Ind.",25,33,NA,NA,NA
"125","Marine Mammals 1997","Juneau_1997","Juneau","1997","Marine","Marine Mammals","Marine Mammals","Seal","Seal","Harbor Seal","300806000","Harbor Seal",NA,NA,NA,NA,NA,3871,8516,662,16370,NA,NA,56,"Ind.",45,99,NA,NA,NA
"126","Marine Mammals 1998","Juneau_1998","Juneau","1998","Marine","Marine Mammals","Marine Mammals","Seal","Seal","Harbor Seal","300806000","Harbor Seal",NA,NA,NA,NA,NA,5537,7704,5242,10165,NA,NA,56,"Ind.",65,90,NA,NA,NA
"127","Marine Mammals 2000","Juneau_2000","Juneau","2000","Marine","Marine Mammals","Marine Mammals","Seal","Seal","Harbor Seal","300806000","Harbor Seal",NA,NA,NA,NA,NA,1431.5,5044,2832,7257,NA,NA,56,"Ind.",17,60,NA,NA,NA
"128","Marine Mammals 2001","Juneau_2001","Juneau","2001","Marine","Marine Mammals","Marine Mammals","Seal","Seal","Harbor Seal","300806000","Harbor Seal",NA,NA,NA,NA,NA,1617,2548,1192,3904,NA,NA,56,"Ind.",19,30,NA,NA,NA
"129","Marine Mammals 2002","Juneau_2002","Juneau","2002","Marine","Marine Mammals","Marine Mammals","Seal","Seal","Harbor Seal","300806000","Harbor Seal",NA,NA,NA,NA,NA,990.5,1421,NA,NA,NA,NA,56,"Ind.",12,17,NA,NA,NA
"130","Marine Mammals 2003","Juneau_2003","Juneau","2003","Marine","Marine Mammals","Marine Mammals","Seal","Seal","Harbor Seal","300806000","Harbor Seal",NA,NA,NA,NA,NA,920.5,2531,NA,NA,NA,NA,56,"Ind.",11,30,NA,NA,NA
"131","Marine Mammals 2004","Juneau_2004","Juneau","2004","Marine","Marine Mammals","Marine Mammals","Seal","Seal","Harbor Seal","300806000","Harbor Seal",NA,NA,NA,NA,NA,486.5,1103,NA,NA,NA,NA,56,"Ind.",6,14,NA,NA,NA
"132","Marine Mammals 2005","Juneau_2005","Juneau","2005","Marine","Marine Mammals","Marine Mammals","Seal","Seal","Harbor Seal","300806000","Harbor Seal",NA,NA,NA,NA,NA,682.5,682,682,682,NA,NA,56,"Ind.",8,8,NA,NA,NA
"133","Marine Mammals 2006","Juneau_2006","Juneau","2006","Marine","Marine Mammals","Marine Mammals","Seal","Seal","Harbor Seal","300806000","Harbor Seal",NA,NA,NA,NA,NA,1620.5,2228,1620,3139,NA,NA,56,"Ind.",19,26,NA,NA,NA
"134","Marine Mammals 1995","Juneau_1995","Juneau","1995","Marine","Marine Mammals","Marine Mammals","Stellar Sea Lion","Stellar Sea Lion","Stellar Sea Lion","301200000","Steller Sea Lion",NA,NA,NA,NA,NA,0,0,0,0,NA,NA,200,"Ind.",0,0,NA,NA,NA
"135","Marine Mammals 1996","Juneau_1996","Juneau","1996","Marine","Marine Mammals","Marine Mammals","Stellar Sea Lion","Stellar Sea Lion","Stellar Sea Lion","301200000","Steller Sea Lion",NA,NA,NA,NA,NA,0,0,0,0,NA,NA,200,"Ind.",0,0,NA,NA,NA
"136","Marine Mammals 1997","Juneau_1997","Juneau","1997","Marine","Marine Mammals","Marine Mammals","Stellar Sea Lion","Stellar Sea Lion","Stellar Sea Lion","301200000","Steller Sea Lion",NA,NA,NA,NA,NA,0,0,0,0,NA,NA,200,"Ind.",0,0,NA,NA,NA
"137","Marine Mammals 1998","Juneau_1998","Juneau","1998","Marine","Marine Mammals","Marine Mammals","Stellar Sea Lion","Stellar Sea Lion","Stellar Sea Lion","301200000","Steller Sea Lion",NA,NA,NA,NA,NA,0,0,0,0,NA,NA,200,"Ind.",0,0,NA,NA,NA
"138","Marine Mammals 2000","Juneau_2000","Juneau","2000","Marine","Marine Mammals","Marine Mammals","Stellar Sea Lion","Stellar Sea Lion","Stellar Sea Lion","301200000","Steller Sea Lion",NA,NA,NA,NA,NA,0,0,0,0,NA,NA,200,"Ind.",0,0,NA,NA,NA
"139","Marine Mammals 2001","Juneau_2001","Juneau","2001","Marine","Marine Mammals","Marine Mammals","Stellar Sea Lion","Stellar Sea Lion","Stellar Sea Lion","301200000","Steller Sea Lion",NA,NA,NA,NA,NA,0,0,0,0,NA,NA,200,"Ind.",0,0,NA,NA,NA
"140","Marine Mammals 2002","Juneau_2002","Juneau","2002","Marine","Marine Mammals","Marine Mammals","Stellar Sea Lion","Stellar Sea Lion","Stellar Sea Lion","301200000","Steller Sea Lion",NA,NA,NA,NA,NA,0,0,NA,NA,NA,NA,200,"Ind.",0,0,NA,NA,NA
"141","Marine Mammals 2003","Juneau_2003","Juneau","2003","Marine","Marine Mammals","Marine Mammals","Stellar Sea Lion","Stellar Sea Lion","Stellar Sea Lion","301200000","Steller Sea Lion",NA,NA,NA,NA,NA,0,0,NA,NA,NA,NA,200,"Ind.",0,0,NA,NA,NA
"142","Marine Mammals 2004","Juneau_2004","Juneau","2004","Marine","Marine Mammals","Marine Mammals","Stellar Sea Lion","Stellar Sea Lion","Stellar Sea Lion","301200000","Steller Sea Lion",NA,NA,NA,NA,NA,0,0,NA,NA,NA,NA,200,"Ind.",0,0,NA,NA,NA
"143","Marine Mammals 2005","Juneau_2005","Juneau","2005","Marine","Marine Mammals","Marine Mammals","Stellar Sea Lion","Stellar Sea Lion","Stellar Sea Lion","301200000","Steller Sea Lion",NA,NA,NA,NA,NA,0,0,0,0,NA,NA,200,"Ind.",0,0,NA,NA,NA
"144","Marine Mammals 2006","Juneau_2006","Juneau","2006","Marine","Marine Mammals","Marine Mammals","Stellar Sea Lion","Stellar Sea Lion","Stellar Sea Lion","301200000","Steller Sea Lion",NA,NA,NA,NA,NA,200,275,275,556,NA,NA,200,"Ind.",1,1,NA,NA,NA
"145","Marine Mammals 2007","Juneau_2007","Juneau","2007","Marine","Marine Mammals","Marine Mammals","Stellar Sea Lion","Stellar Sea Lion","Stellar Sea Lion","301200000","Steller Sea Lion",NA,NA,NA,NA,NA,0,0,0,0,NA,NA,200,"Ind.",0,0,NA,NA,NA
"146","Marine Mammals 2008","Juneau_2008","Juneau","2008","Marine","Marine Mammals","Marine Mammals","Stellar Sea Lion","Stellar Sea Lion","Stellar Sea Lion","301200000","Steller Sea Lion",NA,NA,NA,NA,NA,0,0,0,0,NA,NA,200,"Ind.",0,0,NA,NA,NA
"147","Marine Mammals 1995","Kake_1995","Kake","1995","Marine","Marine Mammals","Marine Mammals","Seal","Seal","Harbor Seal","300806000","Harbor Seal",NA,NA,NA,NA,NA,4207,6182,4124,8240,NA,NA,56,"Ind.",49,72,NA,NA,NA
"148","Marine Mammals 1996","Kake_1996","Kake","1996","Marine","Marine Mammals","Marine Mammals","Seal","Seal","Harbor Seal","300806000","Harbor Seal",NA,NA,NA,NA,NA,6545,7250,6133,8366,NA,NA,56,"Ind.",78,86,NA,NA,NA
"149","Marine Mammals 1997","Kake_1997","Kake","1997","Marine","Marine Mammals","Marine Mammals","Seal","Seal","Harbor Seal","300806000","Harbor Seal",NA,NA,NA,NA,NA,4518.5,5723,2921,8526,NA,NA,56,"Ind.",54,68,NA,NA,NA
"150","Marine Mammals 1998","Kake_1998","Kake","1998","Marine","Marine Mammals","Marine Mammals","Seal","Seal","Harbor Seal","300806000","Harbor Seal",NA,NA,NA,NA,NA,8512,10369,7801,12938,NA,NA,56,"Ind.",101,123,NA,NA,NA
"151","Marine Mammals 2000","Kake_2000","Kake","2000","Marine","Marine Mammals","Marine Mammals","Seal","Seal","Harbor Seal","300806000","Harbor Seal",NA,NA,NA,NA,NA,2408,8745,3118,14371,NA,NA,56,"Ind.",28,102,NA,NA,NA
"152","Marine Mammals 2001","Kake_2001","Kake","2001","Marine","Marine Mammals","Marine Mammals","Seal","Seal","Harbor Seal","300806000","Harbor Seal",NA,NA,NA,NA,NA,4826.5,7382,5141,9623,NA,NA,56,"Ind.",56,86,NA,NA,NA
"153","Marine Mammals 2002","Kake_2002","Kake","2002","Marine","Marine Mammals","Marine Mammals","Seal","Seal","Harbor Seal","300806000","Harbor Seal",NA,NA,NA,NA,NA,7878.5,8316,NA,NA,NA,NA,56,"Ind.",93,98,NA,NA,NA
"154","Marine Mammals 2003","Kake_2003","Kake","2003","Marine","Marine Mammals","Marine Mammals","Seal","Seal","Harbor Seal","300806000","Harbor Seal",NA,NA,NA,NA,NA,4168.5,4429,NA,NA,NA,NA,56,"Ind.",49,52,NA,NA,NA
"155","Marine Mammals 2004","Kake_2004","Kake","2004","Marine","Marine Mammals","Marine Mammals","Seal","Seal","Harbor Seal","300806000","Harbor Seal",NA,NA,NA,NA,NA,7588,8203,NA,NA,NA,NA,56,"Ind.",89,96,NA,NA,NA
"156","Marine Mammals 2005","Kake_2005","Kake","2005","Marine","Marine Mammals","Marine Mammals","Seal","Seal","Harbor Seal","300806000","Harbor Seal",NA,NA,NA,NA,NA,3587.5,4166,3588,4885,NA,NA,56,"Ind.",41,48,NA,NA,NA
"157","Marine Mammals 2006","Kake_2006","Kake","2006","Marine","Marine Mammals","Marine Mammals","Seal","Seal","Harbor Seal","300806000","Harbor Seal",NA,NA,NA,NA,NA,3237.5,3541,3237,4065,NA,NA,56,"Ind.",37,40,NA,NA,NA
"158","Marine Mammals 1995","Kake_1995","Kake","1995","Marine","Marine Mammals","Marine Mammals","Stellar Sea Lion","Stellar Sea Lion","Stellar Sea Lion","301200000","Steller Sea Lion",NA,NA,NA,NA,NA,0,0,0,0,NA,NA,200,"Ind.",0,0,NA,NA,NA
"159","Marine Mammals 1996","Kake_1996","Kake","1996","Marine","Marine Mammals","Marine Mammals","Stellar Sea Lion","Stellar Sea Lion","Stellar Sea Lion","301200000","Steller Sea Lion",NA,NA,NA,NA,NA,0,0,0,0,NA,NA,200,"Ind.",0,0,NA,NA,NA
"160","Marine Mammals 1997","Kake_1997","Kake","1997","Marine","Marine Mammals","Marine Mammals","Stellar Sea Lion","Stellar Sea Lion","Stellar Sea Lion","301200000","Steller Sea Lion",NA,NA,NA,NA,NA,0,0,0,0,NA,NA,200,"Ind.",0,0,NA,NA,NA
"161","Marine Mammals 1998","Kake_1998","Kake","1998","Marine","Marine Mammals","Marine Mammals","Stellar Sea Lion","Stellar Sea Lion","Stellar Sea Lion","301200000","Steller Sea Lion",NA,NA,NA,NA,NA,0,0,0,0,NA,NA,200,"Ind.",0,0,NA,NA,NA
"162","Marine Mammals 2000","Kake_2000","Kake","2000","Marine","Marine Mammals","Marine Mammals","Stellar Sea Lion","Stellar Sea Lion","Stellar Sea Lion","301200000","Steller Sea Lion",NA,NA,NA,NA,NA,0,0,0,0,NA,NA,200,"Ind.",0,0,NA,NA,NA
"163","Marine Mammals 2001","Kake_2001","Kake","2001","Marine","Marine Mammals","Marine Mammals","Stellar Sea Lion","Stellar Sea Lion","Stellar Sea Lion","301200000","Steller Sea Lion",NA,NA,NA,NA,NA,0,0,0,0,NA,NA,200,"Ind.",0,0,NA,NA,NA
"164","Marine Mammals 2002","Kake_2002","Kake","2002","Marine","Marine Mammals","Marine Mammals","Stellar Sea Lion","Stellar Sea Lion","Stellar Sea Lion","301200000","Steller Sea Lion",NA,NA,NA,NA,NA,0,0,NA,NA,NA,NA,200,"Ind.",0,0,NA,NA,NA
"165","Marine Mammals 2003","Kake_2003","Kake","2003","Marine","Marine Mammals","Marine Mammals","Stellar Sea Lion","Stellar Sea Lion","Stellar Sea Lion","301200000","Steller Sea Lion",NA,NA,NA,NA,NA,0,0,NA,NA,NA,NA,200,"Ind.",0,0,NA,NA,NA
"166","Marine Mammals 2004","Kake_2004","Kake","2004","Marine","Marine Mammals","Marine Mammals","Stellar Sea Lion","Stellar Sea Lion","Stellar Sea Lion","301200000","Steller Sea Lion",NA,NA,NA,NA,NA,0,0,NA,NA,NA,NA,200,"Ind.",0,0,NA,NA,NA
"167","Marine Mammals 2005","Kake_2005","Kake","2005","Marine","Marine Mammals","Marine Mammals","Stellar Sea Lion","Stellar Sea Lion","Stellar Sea Lion","301200000","Steller Sea Lion",NA,NA,NA,NA,NA,0,0,0,0,NA,NA,200,"Ind.",0,0,NA,NA,NA
"168","Marine Mammals 2006","Kake_2006","Kake","2006","Marine","Marine Mammals","Marine Mammals","Stellar Sea Lion","Stellar Sea Lion","Stellar Sea Lion","301200000","Steller Sea Lion",NA,NA,NA,NA,NA,0,0,0,0,NA,NA,200,"Ind.",0,0,NA,NA,NA
"169","Marine Mammals 2007","Kake_2007","Kake","2007","Marine","Marine Mammals","Marine Mammals","Stellar Sea Lion","Stellar Sea Lion","Stellar Sea Lion","301200000","Steller Sea Lion",NA,NA,NA,NA,NA,0,0,0,0,NA,NA,200,"Ind.",0,0,NA,NA,NA
"170","Marine Mammals 2008","Kake_2008","Kake","2008","Marine","Marine Mammals","Marine Mammals","Stellar Sea Lion","Stellar Sea Lion","Stellar Sea Lion","301200000","Steller Sea Lion",NA,NA,NA,NA,NA,0,0,0,0,NA,NA,200,"Ind.",0,0,NA,NA,NA
"171","Marine Mammals 1995","Ketchikan_1995","Ketchikan","1995","Marine","Marine Mammals","Marine Mammals","Seal","Seal","Harbor Seal","300806000","Harbor Seal",NA,NA,NA,NA,NA,1820,3842,-1332,9017,NA,NA,56,"Ind.",22,46,NA,NA,NA
"172","Marine Mammals 1996","Ketchikan_1996","Ketchikan","1996","Marine","Marine Mammals","Marine Mammals","Seal","Seal","Harbor Seal","300806000","Harbor Seal",NA,NA,NA,NA,NA,1260,2100,-503,4703,NA,NA,56,"Ind.",15,25,NA,NA,NA
"173","Marine Mammals 1997","Ketchikan_1997","Ketchikan","1997","Marine","Marine Mammals","Marine Mammals","Seal","Seal","Harbor Seal","300806000","Harbor Seal",NA,NA,NA,NA,NA,1564.5,2260,621,3899,NA,NA,56,"Ind.",19,27,NA,NA,NA
"174","Marine Mammals 1998","Ketchikan_1998","Ketchikan","1998","Marine","Marine Mammals","Marine Mammals","Seal","Seal","Harbor Seal","300806000","Harbor Seal",NA,NA,NA,NA,NA,1438.5,2261,238,4283,NA,NA,56,"Ind.",17,27,NA,NA,NA
"175","Marine Mammals 2000","Ketchikan_2000","Ketchikan","2000","Marine","Marine Mammals","Marine Mammals","Seal","Seal","Harbor Seal","300806000","Harbor Seal",NA,NA,NA,NA,NA,3801,9231,-2279,20741,NA,NA,56,"Ind.",46,112,NA,NA,NA
"176","Marine Mammals 2001","Ketchikan_2001","Ketchikan","2001","Marine","Marine Mammals","Marine Mammals","Seal","Seal","Harbor Seal","300806000","Harbor Seal",NA,NA,NA,NA,NA,910,1050,373,1727,NA,NA,56,"Ind.",11,13,NA,NA,NA
"177","Marine Mammals 2002","Ketchikan_2002","Ketchikan","2002","Marine","Marine Mammals","Marine Mammals","Seal","Seal","Harbor Seal","300806000","Harbor Seal",NA,NA,NA,NA,NA,9124.5,10528,NA,NA,NA,NA,56,"Ind.",107,123,NA,NA,NA
"178","Marine Mammals 2003","Ketchikan_2003","Ketchikan","2003","Marine","Marine Mammals","Marine Mammals","Seal","Seal","Harbor Seal","300806000","Harbor Seal",NA,NA,NA,NA,NA,3517.5,6532,NA,NA,NA,NA,56,"Ind.",42,78,NA,NA,NA
"179","Marine Mammals 2004","Ketchikan_2004","Ketchikan","2004","Marine","Marine Mammals","Marine Mammals","Seal","Seal","Harbor Seal","300806000","Harbor Seal",NA,NA,NA,NA,NA,5061,5061,NA,NA,NA,NA,56,"Ind.",60,60,NA,NA,NA
"180","Marine Mammals 2005","Ketchikan_2005","Ketchikan","2005","Marine","Marine Mammals","Marine Mammals","Seal","Seal","Harbor Seal","300806000","Harbor Seal",NA,NA,NA,NA,NA,3944.5,6136,3944,9744,NA,NA,56,"Ind.",47,73,NA,NA,NA
"181","Marine Mammals 2006","Ketchikan_2006","Ketchikan","2006","Marine","Marine Mammals","Marine Mammals","Seal","Seal","Harbor Seal","300806000","Harbor Seal",NA,NA,NA,NA,NA,2271.5,3281,2271,6005,NA,NA,56,"Ind.",26,37,NA,NA,NA
"182","Marine Mammals 1995","Ketchikan_1995","Ketchikan","1995","Marine","Marine Mammals","Marine Mammals","Stellar Sea Lion","Stellar Sea Lion","Stellar Sea Lion","301200000","Steller Sea Lion",NA,NA,NA,NA,NA,0,0,0,0,NA,NA,200,"Ind.",0,0,NA,NA,NA
"183","Marine Mammals 1996","Ketchikan_1996","Ketchikan","1996","Marine","Marine Mammals","Marine Mammals","Stellar Sea Lion","Stellar Sea Lion","Stellar Sea Lion","301200000","Steller Sea Lion",NA,NA,NA,NA,NA,0,0,0,0,NA,NA,200,"Ind.",0,0,NA,NA,NA
"184","Marine Mammals 1997","Ketchikan_1997","Ketchikan","1997","Marine","Marine Mammals","Marine Mammals","Stellar Sea Lion","Stellar Sea Lion","Stellar Sea Lion","301200000","Steller Sea Lion",NA,NA,NA,NA,NA,0,0,0,0,NA,NA,200,"Ind.",0,0,NA,NA,NA
"185","Marine Mammals 1998","Ketchikan_1998","Ketchikan","1998","Marine","Marine Mammals","Marine Mammals","Stellar Sea Lion","Stellar Sea Lion","Stellar Sea Lion","301200000","Steller Sea Lion",NA,NA,NA,NA,NA,0,0,0,0,NA,NA,200,"Ind.",0,0,NA,NA,NA
"186","Marine Mammals 2000","Ketchikan_2000","Ketchikan","2000","Marine","Marine Mammals","Marine Mammals","Stellar Sea Lion","Stellar Sea Lion","Stellar Sea Lion","301200000","Steller Sea Lion",NA,NA,NA,NA,NA,0,0,0,0,NA,NA,200,"Ind.",0,0,NA,NA,NA
"187","Marine Mammals 2001","Ketchikan_2001","Ketchikan","2001","Marine","Marine Mammals","Marine Mammals","Stellar Sea Lion","Stellar Sea Lion","Stellar Sea Lion","301200000","Steller Sea Lion",NA,NA,NA,NA,NA,0,0,0,0,NA,NA,200,"Ind.",0,0,NA,NA,NA
"188","Marine Mammals 2002","Ketchikan_2002","Ketchikan","2002","Marine","Marine Mammals","Marine Mammals","Stellar Sea Lion","Stellar Sea Lion","Stellar Sea Lion","301200000","Steller Sea Lion",NA,NA,NA,NA,NA,0,0,NA,NA,NA,NA,200,"Ind.",0,0,NA,NA,NA
"189","Marine Mammals 2003","Ketchikan_2003","Ketchikan","2003","Marine","Marine Mammals","Marine Mammals","Stellar Sea Lion","Stellar Sea Lion","Stellar Sea Lion","301200000","Steller Sea Lion",NA,NA,NA,NA,NA,0,0,NA,NA,NA,NA,200,"Ind.",0,0,NA,NA,NA
"190","Marine Mammals 2004","Ketchikan_2004","Ketchikan","2004","Marine","Marine Mammals","Marine Mammals","Stellar Sea Lion","Stellar Sea Lion","Stellar Sea Lion","301200000","Steller Sea Lion",NA,NA,NA,NA,NA,0,0,NA,NA,NA,NA,200,"Ind.",0,0,NA,NA,NA
"191","Marine Mammals 2005","Ketchikan_2005","Ketchikan","2005","Marine","Marine Mammals","Marine Mammals","Stellar Sea Lion","Stellar Sea Lion","Stellar Sea Lion","301200000","Steller Sea Lion",NA,NA,NA,NA,NA,0,0,0,0,NA,NA,200,"Ind.",0,0,NA,NA,NA
"192","Marine Mammals 2006","Ketchikan_2006","Ketchikan","2006","Marine","Marine Mammals","Marine Mammals","Stellar Sea Lion","Stellar Sea Lion","Stellar Sea Lion","301200000","Steller Sea Lion",NA,NA,NA,NA,NA,0,0,0,0,NA,NA,200,"Ind.",0,0,NA,NA,NA
"193","Marine Mammals 2007","Ketchikan_2007","Ketchikan","2007","Marine","Marine Mammals","Marine Mammals","Stellar Sea Lion","Stellar Sea Lion","Stellar Sea Lion","301200000","Steller Sea Lion",NA,NA,NA,NA,NA,0,0,0,0,NA,NA,200,"Ind.",0,0,NA,NA,NA
"194","Marine Mammals 2008","Ketchikan_2008","Ketchikan","2008","Marine","Marine Mammals","Marine Mammals","Stellar Sea Lion","Stellar Sea Lion","Stellar Sea Lion","301200000","Steller Sea Lion",NA,NA,NA,NA,NA,200,333,333,747,NA,NA,200,"Ind.",1,2,NA,NA,NA
"195","Marine Mammals 1995","Klawock_1995","Klawock","1995","Marine","Marine Mammals","Marine Mammals","Seal","Seal","Harbor Seal","300806000","Harbor Seal",NA,NA,NA,NA,NA,17878,22348,13935,30760,NA,NA,56,"Ind.",211,264,NA,NA,NA
"196","Marine Mammals 1996","Klawock_1996","Klawock","1996","Marine","Marine Mammals","Marine Mammals","Seal","Seal","Harbor Seal","300806000","Harbor Seal",NA,NA,NA,NA,NA,5278,5938,4301,7574,NA,NA,56,"Ind.",62,70,NA,NA,NA
"197","Marine Mammals 1997","Klawock_1997","Klawock","1997","Marine","Marine Mammals","Marine Mammals","Seal","Seal","Harbor Seal","300806000","Harbor Seal",NA,NA,NA,NA,NA,8095.5,8096,8096,8096,NA,NA,56,"Ind.",94,94,NA,NA,NA
"198","Marine Mammals 1998","Klawock_1998","Klawock","1998","Marine","Marine Mammals","Marine Mammals","Seal","Seal","Harbor Seal","300806000","Harbor Seal",NA,NA,NA,NA,NA,7087.5,7088,7088,7088,NA,NA,56,"Ind.",83,83,NA,NA,NA
"199","Marine Mammals 2000","Klawock_2000","Klawock","2000","Marine","Marine Mammals","Marine Mammals","Seal","Seal","Harbor Seal","300806000","Harbor Seal",NA,NA,NA,NA,NA,4452,5858,4607,7109,NA,NA,56,"Ind.",51,67,NA,NA,NA
"200","Marine Mammals 2001","Klawock_2001","Klawock","2001","Marine","Marine Mammals","Marine Mammals","Seal","Seal","Harbor Seal","300806000","Harbor Seal",NA,NA,NA,NA,NA,5733,6115,5587,6643,NA,NA,56,"Ind.",67,71,NA,NA,NA
"201","Marine Mammals 2002","Klawock_2002","Klawock","2002","Marine","Marine Mammals","Marine Mammals","Seal","Seal","Harbor Seal","300806000","Harbor Seal",NA,NA,NA,NA,NA,2005.5,2006,NA,NA,NA,NA,56,"Ind.",24,24,NA,NA,NA
"202","Marine Mammals 2003","Klawock_2003","Klawock","2003","Marine","Marine Mammals","Marine Mammals","Seal","Seal","Harbor Seal","300806000","Harbor Seal",NA,NA,NA,NA,NA,4574.5,5165,NA,NA,NA,NA,56,"Ind.",53,60,NA,NA,NA
"203","Marine Mammals 2004","Klawock_2004","Klawock","2004","Marine","Marine Mammals","Marine Mammals","Seal","Seal","Harbor Seal","300806000","Harbor Seal",NA,NA,NA,NA,NA,1963.5,2492,NA,NA,NA,NA,56,"Ind.",23,29,NA,NA,NA
"204","Marine Mammals 2005","Klawock_2005","Klawock","2005","Marine","Marine Mammals","Marine Mammals","Seal","Seal","Harbor Seal","300806000","Harbor Seal",NA,NA,NA,NA,NA,1729,1729,1729,1729,NA,NA,56,"Ind.",20,20,NA,NA,NA
"205","Marine Mammals 2006","Klawock_2006","Klawock","2006","Marine","Marine Mammals","Marine Mammals","Seal","Seal","Harbor Seal","300806000","Harbor Seal",NA,NA,NA,NA,NA,1197,1388,1197,1778,NA,NA,56,"Ind.",14,16,NA,NA,NA
"206","Marine Mammals 1995","Klawock_1995","Klawock","1995","Marine","Marine Mammals","Marine Mammals","Stellar Sea Lion","Stellar Sea Lion","Stellar Sea Lion","301200000","Steller Sea Lion",NA,NA,NA,NA,NA,0,0,0,0,NA,NA,200,"Ind.",0,0,NA,NA,NA
"207","Marine Mammals 1996","Klawock_1996","Klawock","1996","Marine","Marine Mammals","Marine Mammals","Stellar Sea Lion","Stellar Sea Lion","Stellar Sea Lion","301200000","Steller Sea Lion",NA,NA,NA,NA,NA,0,0,0,0,NA,NA,200,"Ind.",0,0,NA,NA,NA
"208","Marine Mammals 1997","Klawock_1997","Klawock","1997","Marine","Marine Mammals","Marine Mammals","Stellar Sea Lion","Stellar Sea Lion","Stellar Sea Lion","301200000","Steller Sea Lion",NA,NA,NA,NA,NA,0,0,0,0,NA,NA,200,"Ind.",0,0,NA,NA,NA
"209","Marine Mammals 1998","Klawock_1998","Klawock","1998","Marine","Marine Mammals","Marine Mammals","Stellar Sea Lion","Stellar Sea Lion","Stellar Sea Lion","301200000","Steller Sea Lion",NA,NA,NA,NA,NA,0,0,0,0,NA,NA,200,"Ind.",0,0,NA,NA,NA
"210","Marine Mammals 2000","Klawock_2000","Klawock","2000","Marine","Marine Mammals","Marine Mammals","Stellar Sea Lion","Stellar Sea Lion","Stellar Sea Lion","301200000","Steller Sea Lion",NA,NA,NA,NA,NA,200,263,10,516,NA,NA,200,"Ind.",1,1,NA,NA,NA
"211","Marine Mammals 2001","Klawock_2001","Klawock","2001","Marine","Marine Mammals","Marine Mammals","Stellar Sea Lion","Stellar Sea Lion","Stellar Sea Lion","301200000","Steller Sea Lion",NA,NA,NA,NA,NA,0,0,0,0,NA,NA,200,"Ind.",0,0,NA,NA,NA
"212","Marine Mammals 2002","Klawock_2002","Klawock","2002","Marine","Marine Mammals","Marine Mammals","Stellar Sea Lion","Stellar Sea Lion","Stellar Sea Lion","301200000","Steller Sea Lion",NA,NA,NA,NA,NA,200,200,NA,NA,NA,NA,200,"Ind.",1,1,NA,NA,NA
"213","Marine Mammals 2003","Klawock_2003","Klawock","2003","Marine","Marine Mammals","Marine Mammals","Stellar Sea Lion","Stellar Sea Lion","Stellar Sea Lion","301200000","Steller Sea Lion",NA,NA,NA,NA,NA,400,452,NA,NA,NA,NA,200,"Ind.",2,2,NA,NA,NA
"214","Marine Mammals 2004","Klawock_2004","Klawock","2004","Marine","Marine Mammals","Marine Mammals","Stellar Sea Lion","Stellar Sea Lion","Stellar Sea Lion","301200000","Steller Sea Lion",NA,NA,NA,NA,NA,200,254,NA,NA,NA,NA,200,"Ind.",1,1,NA,NA,NA
"215","Marine Mammals 2005","Klawock_2005","Klawock","2005","Marine","Marine Mammals","Marine Mammals","Stellar Sea Lion","Stellar Sea Lion","Stellar Sea Lion","301200000","Steller Sea Lion",NA,NA,NA,NA,NA,0,0,0,0,NA,NA,200,"Ind.",0,0,NA,NA,NA
"216","Marine Mammals 2006","Klawock_2006","Klawock","2006","Marine","Marine Mammals","Marine Mammals","Stellar Sea Lion","Stellar Sea Lion","Stellar Sea Lion","301200000","Steller Sea Lion",NA,NA,NA,NA,NA,200,232,232,400,NA,NA,200,"Ind.",1,1,NA,NA,NA
"217","Marine Mammals 2007","Klawock_2007","Klawock","2007","Marine","Marine Mammals","Marine Mammals","Stellar Sea Lion","Stellar Sea Lion","Stellar Sea Lion","301200000","Steller Sea Lion",NA,NA,NA,NA,NA,0,0,0,0,NA,NA,200,"Ind.",0,0,NA,NA,NA
"218","Marine Mammals 2008","Klawock_2008","Klawock","2008","Marine","Marine Mammals","Marine Mammals","Stellar Sea Lion","Stellar Sea Lion","Stellar Sea Lion","301200000","Steller Sea Lion",NA,NA,NA,NA,NA,0,0,0,0,NA,NA,200,"Ind.",0,0,NA,NA,NA
"219","Marine Mammals 1995","Klukwan_1995","Klukwan","1995","Marine","Marine Mammals","Marine Mammals","Seal","Seal","Harbor Seal","300806000","Harbor Seal",NA,NA,NA,NA,NA,931,2979,-289,6247,NA,NA,56,"Ind.",11,35,NA,NA,NA
"220","Marine Mammals 1996","Klukwan_1996","Klukwan","1996","Marine","Marine Mammals","Marine Mammals","Seal","Seal","Harbor Seal","300806000","Harbor Seal",NA,NA,NA,NA,NA,437.5,547,225,869,NA,NA,56,"Ind.",5,6,NA,NA,NA
"221","Marine Mammals 1997","Klukwan_1997","Klukwan","1997","Marine","Marine Mammals","Marine Mammals","Seal","Seal","Harbor Seal","300806000","Harbor Seal",NA,NA,NA,NA,NA,84,95,32,157,NA,NA,56,"Ind.",1,1,NA,NA,NA
"222","Marine Mammals 1998","Klukwan_1998","Klukwan","1998","Marine","Marine Mammals","Marine Mammals","Seal","Seal","Harbor Seal","300806000","Harbor Seal",NA,NA,NA,NA,NA,577.5,866,465,1267,NA,NA,56,"Ind.",7,11,NA,NA,NA
"223","Marine Mammals 2000","Klukwan_2000","Klukwan","2000","Marine","Marine Mammals","Marine Mammals","Seal","Seal","Harbor Seal","300806000","Harbor Seal",NA,NA,NA,NA,NA,262.5,1575,1575,1575,NA,NA,56,"Ind.",3,18,NA,NA,NA
"224","Marine Mammals 2001","Klukwan_2001","Klukwan","2001","Marine","Marine Mammals","Marine Mammals","Seal","Seal","Harbor Seal","300806000","Harbor Seal",NA,NA,NA,NA,NA,0,0,0,0,NA,NA,56,"Ind.",0,0,NA,NA,NA
"225","Marine Mammals 2002","Klukwan_2002","Klukwan","2002","Marine","Marine Mammals","Marine Mammals","Seal","Seal","Harbor Seal","300806000","Harbor Seal",NA,NA,NA,NA,NA,0,0,NA,NA,NA,NA,56,"Ind.",0,0,NA,NA,NA
"226","Marine Mammals 2003","Klukwan_2003","Klukwan","2003","Marine","Marine Mammals","Marine Mammals","Seal","Seal","Harbor Seal","300806000","Harbor Seal",NA,NA,NA,NA,NA,0,0,NA,NA,NA,NA,56,"Ind.",0,0,NA,NA,NA
"227","Marine Mammals 2004","Klukwan_2004","Klukwan","2004","Marine","Marine Mammals","Marine Mammals","Seal","Seal","Harbor Seal","300806000","Harbor Seal",NA,NA,NA,NA,NA,0,0,NA,NA,NA,NA,56,"Ind.",0,0,NA,NA,NA
"228","Marine Mammals 2006","Klukwan_2006","Klukwan","2006","Marine","Marine Mammals","Marine Mammals","Seal","Seal","Harbor Seal","300806000","Harbor Seal",NA,NA,NA,NA,NA,0,0,0,0,NA,NA,56,"Ind.",0,0,NA,NA,NA
"229","Marine Mammals 1995","Klukwan_1995","Klukwan","1995","Marine","Marine Mammals","Marine Mammals","Stellar Sea Lion","Stellar Sea Lion","Stellar Sea Lion","301200000","Steller Sea Lion",NA,NA,NA,NA,NA,0,0,0,0,NA,NA,200,"Ind.",0,0,NA,NA,NA
"230","Marine Mammals 1996","Klukwan_1996","Klukwan","1996","Marine","Marine Mammals","Marine Mammals","Stellar Sea Lion","Stellar Sea Lion","Stellar Sea Lion","301200000","Steller Sea Lion",NA,NA,NA,NA,NA,0,0,0,0,NA,NA,200,"Ind.",0,0,NA,NA,NA
"231","Marine Mammals 1997","Klukwan_1997","Klukwan","1997","Marine","Marine Mammals","Marine Mammals","Stellar Sea Lion","Stellar Sea Lion","Stellar Sea Lion","301200000","Steller Sea Lion",NA,NA,NA,NA,NA,0,0,0,0,NA,NA,200,"Ind.",0,0,NA,NA,NA
"232","Marine Mammals 1998","Klukwan_1998","Klukwan","1998","Marine","Marine Mammals","Marine Mammals","Stellar Sea Lion","Stellar Sea Lion","Stellar Sea Lion","301200000","Steller Sea Lion",NA,NA,NA,NA,NA,0,0,0,0,NA,NA,200,"Ind.",0,0,NA,NA,NA
"233","Marine Mammals 2000","Klukwan_2000","Klukwan","2000","Marine","Marine Mammals","Marine Mammals","Stellar Sea Lion","Stellar Sea Lion","Stellar Sea Lion","301200000","Steller Sea Lion",NA,NA,NA,NA,NA,0,0,0,0,NA,NA,200,"Ind.",0,0,NA,NA,NA
"234","Marine Mammals 2001","Klukwan_2001","Klukwan","2001","Marine","Marine Mammals","Marine Mammals","Stellar Sea Lion","Stellar Sea Lion","Stellar Sea Lion","301200000","Steller Sea Lion",NA,NA,NA,NA,NA,0,0,0,0,NA,NA,200,"Ind.",0,0,NA,NA,NA
"235","Marine Mammals 2002","Klukwan_2002","Klukwan","2002","Marine","Marine Mammals","Marine Mammals","Stellar Sea Lion","Stellar Sea Lion","Stellar Sea Lion","301200000","Steller Sea Lion",NA,NA,NA,NA,NA,0,0,NA,NA,NA,NA,200,"Ind.",0,0,NA,NA,NA
"236","Marine Mammals 2003","Klukwan_2003","Klukwan","2003","Marine","Marine Mammals","Marine Mammals","Stellar Sea Lion","Stellar Sea Lion","Stellar Sea Lion","301200000","Steller Sea Lion",NA,NA,NA,NA,NA,0,0,NA,NA,NA,NA,200,"Ind.",0,0,NA,NA,NA
"237","Marine Mammals 2004","Klukwan_2004","Klukwan","2004","Marine","Marine Mammals","Marine Mammals","Stellar Sea Lion","Stellar Sea Lion","Stellar Sea Lion","301200000","Steller Sea Lion",NA,NA,NA,NA,NA,0,0,NA,NA,NA,NA,200,"Ind.",0,0,NA,NA,NA
"238","Marine Mammals 2006","Klukwan_2006","Klukwan","2006","Marine","Marine Mammals","Marine Mammals","Stellar Sea Lion","Stellar Sea Lion","Stellar Sea Lion","301200000","Steller Sea Lion",NA,NA,NA,NA,NA,0,0,0,0,NA,NA,200,"Ind.",0,0,NA,NA,NA
"239","Marine Mammals 2007","Klukwan_2007","Klukwan","2007","Marine","Marine Mammals","Marine Mammals","Stellar Sea Lion","Stellar Sea Lion","Stellar Sea Lion","301200000","Steller Sea Lion",NA,NA,NA,NA,NA,0,0,0,0,NA,NA,200,"Ind.",0,0,NA,NA,NA
"240","Marine Mammals 1995","Pelican_1995","Pelican","1995","Marine","Marine Mammals","Marine Mammals","Seal","Seal","Harbor Seal","300806000","Harbor Seal",NA,NA,NA,NA,NA,1018.5,1146,865,1427,NA,NA,56,"Ind.",12,14,NA,NA,NA
"241","Marine Mammals 1996","Pelican_1996","Pelican","1996","Marine","Marine Mammals","Marine Mammals","Seal","Seal","Harbor Seal","300806000","Harbor Seal",NA,NA,NA,NA,NA,1050,1350,605,2095,NA,NA,56,"Ind.",12,15,NA,NA,NA
"242","Marine Mammals 1997","Pelican_1997","Pelican","1997","Marine","Marine Mammals","Marine Mammals","Seal","Seal","Harbor Seal","300806000","Harbor Seal",NA,NA,NA,NA,NA,1095.5,1224,840,1609,NA,NA,56,"Ind.",13,15,NA,NA,NA
"243","Marine Mammals 1998","Pelican_1998","Pelican","1998","Marine","Marine Mammals","Marine Mammals","Seal","Seal","Harbor Seal","300806000","Harbor Seal",NA,NA,NA,NA,NA,1116.5,1356,928,1783,NA,NA,56,"Ind.",13,16,NA,NA,NA
"244","Marine Mammals 2000","Pelican_2000","Pelican","2000","Marine","Marine Mammals","Marine Mammals","Seal","Seal","Harbor Seal","300806000","Harbor Seal",NA,NA,NA,NA,NA,602,642,514,771,NA,NA,56,"Ind.",7,7,NA,NA,NA
"245","Marine Mammals 2001","Pelican_2001","Pelican","2001","Marine","Marine Mammals","Marine Mammals","Seal","Seal","Harbor Seal","300806000","Harbor Seal",NA,NA,NA,NA,NA,766.5,767,767,767,NA,NA,56,"Ind.",9,9,NA,NA,NA
"246","Marine Mammals 2002","Pelican_2002","Pelican","2002","Marine","Marine Mammals","Marine Mammals","Seal","Seal","Harbor Seal","300806000","Harbor Seal",NA,NA,NA,NA,NA,77,135,NA,NA,NA,NA,56,"Ind.",1,2,NA,NA,NA
"247","Marine Mammals 2003","Pelican_2003","Pelican","2003","Marine","Marine Mammals","Marine Mammals","Seal","Seal","Harbor Seal","300806000","Harbor Seal",NA,NA,NA,NA,NA,77,135,NA,NA,NA,NA,56,"Ind.",1,2,NA,NA,NA
"248","Marine Mammals 2004","Pelican_2004","Pelican","2004","Marine","Marine Mammals","Marine Mammals","Seal","Seal","Harbor Seal","300806000","Harbor Seal",NA,NA,NA,NA,NA,77,135,NA,NA,NA,NA,56,"Ind.",1,2,NA,NA,NA
"249","Marine Mammals 2005","Pelican_2005","Pelican","2005","Marine","Marine Mammals","Marine Mammals","Seal","Seal","Harbor Seal","300806000","Harbor Seal",NA,NA,NA,NA,NA,777,906,777,1128,NA,NA,56,"Ind.",9,10,NA,NA,NA
"250","Marine Mammals 2006","Pelican_2006","Pelican","2006","Marine","Marine Mammals","Marine Mammals","Seal","Seal","Harbor Seal","300806000","Harbor Seal",NA,NA,NA,NA,NA,591.5,709,591,957,NA,NA,56,"Ind.",7,8,NA,NA,NA
"251","Marine Mammals 1995","Pelican_1995","Pelican","1995","Marine","Marine Mammals","Marine Mammals","Stellar Sea Lion","Stellar Sea Lion","Stellar Sea Lion","301200000","Steller Sea Lion",NA,NA,NA,NA,NA,0,0,0,0,NA,NA,200,"Ind.",0,0,NA,NA,NA
"252","Marine Mammals 1996","Pelican_1996","Pelican","1996","Marine","Marine Mammals","Marine Mammals","Stellar Sea Lion","Stellar Sea Lion","Stellar Sea Lion","301200000","Steller Sea Lion",NA,NA,NA,NA,NA,0,0,0,0,NA,NA,200,"Ind.",0,0,NA,NA,NA
"253","Marine Mammals 1997","Pelican_1997","Pelican","1997","Marine","Marine Mammals","Marine Mammals","Stellar Sea Lion","Stellar Sea Lion","Stellar Sea Lion","301200000","Steller Sea Lion",NA,NA,NA,NA,NA,0,0,0,0,NA,NA,200,"Ind.",0,0,NA,NA,NA
"254","Marine Mammals 1998","Pelican_1998","Pelican","1998","Marine","Marine Mammals","Marine Mammals","Stellar Sea Lion","Stellar Sea Lion","Stellar Sea Lion","301200000","Steller Sea Lion",NA,NA,NA,NA,NA,0,0,0,0,NA,NA,200,"Ind.",0,0,NA,NA,NA
"255","Marine Mammals 2000","Pelican_2000","Pelican","2000","Marine","Marine Mammals","Marine Mammals","Stellar Sea Lion","Stellar Sea Lion","Stellar Sea Lion","301200000","Steller Sea Lion",NA,NA,NA,NA,NA,0,0,0,0,NA,NA,200,"Ind.",0,0,NA,NA,NA
"256","Marine Mammals 2001","Pelican_2001","Pelican","2001","Marine","Marine Mammals","Marine Mammals","Stellar Sea Lion","Stellar Sea Lion","Stellar Sea Lion","301200000","Steller Sea Lion",NA,NA,NA,NA,NA,0,0,0,0,NA,NA,200,"Ind.",0,0,NA,NA,NA
"257","Marine Mammals 2002","Pelican_2002","Pelican","2002","Marine","Marine Mammals","Marine Mammals","Stellar Sea Lion","Stellar Sea Lion","Stellar Sea Lion","301200000","Steller Sea Lion",NA,NA,NA,NA,NA,0,0,NA,NA,NA,NA,200,"Ind.",0,0,NA,NA,NA
"258","Marine Mammals 2003","Pelican_2003","Pelican","2003","Marine","Marine Mammals","Marine Mammals","Stellar Sea Lion","Stellar Sea Lion","Stellar Sea Lion","301200000","Steller Sea Lion",NA,NA,NA,NA,NA,0,0,NA,NA,NA,NA,200,"Ind.",0,0,NA,NA,NA
"259","Marine Mammals 2004","Pelican_2004","Pelican","2004","Marine","Marine Mammals","Marine Mammals","Stellar Sea Lion","Stellar Sea Lion","Stellar Sea Lion","301200000","Steller Sea Lion",NA,NA,NA,NA,NA,0,0,NA,NA,NA,NA,200,"Ind.",0,0,NA,NA,NA
"260","Marine Mammals 2005","Pelican_2005","Pelican","2005","Marine","Marine Mammals","Marine Mammals","Stellar Sea Lion","Stellar Sea Lion","Stellar Sea Lion","301200000","Steller Sea Lion",NA,NA,NA,NA,NA,0,0,0,0,NA,NA,200,"Ind.",0,0,NA,NA,NA
"261","Marine Mammals 2006","Pelican_2006","Pelican","2006","Marine","Marine Mammals","Marine Mammals","Stellar Sea Lion","Stellar Sea Lion","Stellar Sea Lion","301200000","Steller Sea Lion",NA,NA,NA,NA,NA,0,0,0,0,NA,NA,200,"Ind.",0,0,NA,NA,NA
"262","Marine Mammals 2007","Pelican_2007","Pelican","2007","Marine","Marine Mammals","Marine Mammals","Stellar Sea Lion","Stellar Sea Lion","Stellar Sea Lion","301200000","Steller Sea Lion",NA,NA,NA,NA,NA,0,0,0,0,NA,NA,200,"Ind.",0,0,NA,NA,NA
"263","Marine Mammals 2008","Pelican_2008","Pelican","2008","Marine","Marine Mammals","Marine Mammals","Stellar Sea Lion","Stellar Sea Lion","Stellar Sea Lion","301200000","Steller Sea Lion",NA,NA,NA,NA,NA,0,0,0,0,NA,NA,200,"Ind.",0,0,NA,NA,NA
"264","Marine Mammals 1995","Petersburg_1995","Petersburg","1995","Marine","Marine Mammals","Marine Mammals","Seal","Seal","Harbor Seal","300806000","Harbor Seal",NA,NA,NA,NA,NA,1018.5,1151,929,1374,NA,NA,56,"Ind.",12,14,NA,NA,NA
"265","Marine Mammals 1996","Petersburg_1996","Petersburg","1996","Marine","Marine Mammals","Marine Mammals","Seal","Seal","Harbor Seal","300806000","Harbor Seal",NA,NA,NA,NA,NA,1337,1628,1211,2044,NA,NA,56,"Ind.",16,19,NA,NA,NA
"266","Marine Mammals 1997","Petersburg_1997","Petersburg","1997","Marine","Marine Mammals","Marine Mammals","Seal","Seal","Harbor Seal","300806000","Harbor Seal",NA,NA,NA,NA,NA,920.5,991,821,1162,NA,NA,56,"Ind.",11,12,NA,NA,NA
"267","Marine Mammals 1998","Petersburg_1998","Petersburg","1998","Marine","Marine Mammals","Marine Mammals","Seal","Seal","Harbor Seal","300806000","Harbor Seal",NA,NA,NA,NA,NA,1949.5,2022,1798,2246,NA,NA,56,"Ind.",23,24,NA,NA,NA
"268","Marine Mammals 2000","Petersburg_2000","Petersburg","2000","Marine","Marine Mammals","Marine Mammals","Seal","Seal","Harbor Seal","300806000","Harbor Seal",NA,NA,NA,NA,NA,1680,1738,1610,1866,NA,NA,56,"Ind.",20,21,NA,NA,NA
"269","Marine Mammals 2001","Petersburg_2001","Petersburg","2001","Marine","Marine Mammals","Marine Mammals","Seal","Seal","Harbor Seal","300806000","Harbor Seal",NA,NA,NA,NA,NA,1333.5,1334,1334,1334,NA,NA,56,"Ind.",16,16,NA,NA,NA
"270","Marine Mammals 2002","Petersburg_2002","Petersburg","2002","Marine","Marine Mammals","Marine Mammals","Seal","Seal","Harbor Seal","300806000","Harbor Seal",NA,NA,NA,NA,NA,3773,3773,NA,NA,NA,NA,56,"Ind.",45,45,NA,NA,NA
"271","Marine Mammals 2003","Petersburg_2003","Petersburg","2003","Marine","Marine Mammals","Marine Mammals","Seal","Seal","Harbor Seal","300806000","Harbor Seal",NA,NA,NA,NA,NA,689.5,827,NA,NA,NA,NA,56,"Ind.",8,10,NA,NA,NA
"272","Marine Mammals 2004","Petersburg_2004","Petersburg","2004","Marine","Marine Mammals","Marine Mammals","Seal","Seal","Harbor Seal","300806000","Harbor Seal",NA,NA,NA,NA,NA,843.5,873,NA,NA,NA,NA,56,"Ind.",10,10,NA,NA,NA
"273","Marine Mammals 2005","Petersburg_2005","Petersburg","2005","Marine","Marine Mammals","Marine Mammals","Seal","Seal","Harbor Seal","300806000","Harbor Seal",NA,NA,NA,NA,NA,2562,2562,2562,2562,NA,NA,56,"Ind.",30,30,NA,NA,NA
"274","Marine Mammals 2006","Petersburg_2006","Petersburg","2006","Marine","Marine Mammals","Marine Mammals","Seal","Seal","Harbor Seal","300806000","Harbor Seal",NA,NA,NA,NA,NA,843.5,843,843,843,NA,NA,56,"Ind.",10,10,NA,NA,NA
"275","Marine Mammals 1995","Petersburg_1995","Petersburg","1995","Marine","Marine Mammals","Marine Mammals","Stellar Sea Lion","Stellar Sea Lion","Stellar Sea Lion","301200000","Steller Sea Lion",NA,NA,NA,NA,NA,0,0,0,0,NA,NA,200,"Ind.",0,0,NA,NA,NA
"276","Marine Mammals 1996","Petersburg_1996","Petersburg","1996","Marine","Marine Mammals","Marine Mammals","Stellar Sea Lion","Stellar Sea Lion","Stellar Sea Lion","301200000","Steller Sea Lion",NA,NA,NA,NA,NA,0,0,0,0,NA,NA,200,"Ind.",0,0,NA,NA,NA
"277","Marine Mammals 1997","Petersburg_1997","Petersburg","1997","Marine","Marine Mammals","Marine Mammals","Stellar Sea Lion","Stellar Sea Lion","Stellar Sea Lion","301200000","Steller Sea Lion",NA,NA,NA,NA,NA,0,0,0,0,NA,NA,200,"Ind.",0,0,NA,NA,NA
"278","Marine Mammals 1998","Petersburg_1998","Petersburg","1998","Marine","Marine Mammals","Marine Mammals","Stellar Sea Lion","Stellar Sea Lion","Stellar Sea Lion","301200000","Steller Sea Lion",NA,NA,NA,NA,NA,0,0,0,0,NA,NA,200,"Ind.",0,0,NA,NA,NA
"279","Marine Mammals 2000","Petersburg_2000","Petersburg","2000","Marine","Marine Mammals","Marine Mammals","Stellar Sea Lion","Stellar Sea Lion","Stellar Sea Lion","301200000","Steller Sea Lion",NA,NA,NA,NA,NA,0,0,0,0,NA,NA,200,"Ind.",0,0,NA,NA,NA
"280","Marine Mammals 2001","Petersburg_2001","Petersburg","2001","Marine","Marine Mammals","Marine Mammals","Stellar Sea Lion","Stellar Sea Lion","Stellar Sea Lion","301200000","Steller Sea Lion",NA,NA,NA,NA,NA,0,0,0,0,NA,NA,200,"Ind.",0,0,NA,NA,NA
"281","Marine Mammals 2002","Petersburg_2002","Petersburg","2002","Marine","Marine Mammals","Marine Mammals","Stellar Sea Lion","Stellar Sea Lion","Stellar Sea Lion","301200000","Steller Sea Lion",NA,NA,NA,NA,NA,0,0,NA,NA,NA,NA,200,"Ind.",0,0,NA,NA,NA
"282","Marine Mammals 2003","Petersburg_2003","Petersburg","2003","Marine","Marine Mammals","Marine Mammals","Stellar Sea Lion","Stellar Sea Lion","Stellar Sea Lion","301200000","Steller Sea Lion",NA,NA,NA,NA,NA,0,0,NA,NA,NA,NA,200,"Ind.",0,0,NA,NA,NA
"283","Marine Mammals 2004","Petersburg_2004","Petersburg","2004","Marine","Marine Mammals","Marine Mammals","Stellar Sea Lion","Stellar Sea Lion","Stellar Sea Lion","301200000","Steller Sea Lion",NA,NA,NA,NA,NA,0,0,NA,NA,NA,NA,200,"Ind.",0,0,NA,NA,NA
"284","Marine Mammals 2005","Petersburg_2005","Petersburg","2005","Marine","Marine Mammals","Marine Mammals","Stellar Sea Lion","Stellar Sea Lion","Stellar Sea Lion","301200000","Steller Sea Lion",NA,NA,NA,NA,NA,0,0,0,0,NA,NA,200,"Ind.",0,0,NA,NA,NA
"285","Marine Mammals 2006","Petersburg_2006","Petersburg","2006","Marine","Marine Mammals","Marine Mammals","Stellar Sea Lion","Stellar Sea Lion","Stellar Sea Lion","301200000","Steller Sea Lion",NA,NA,NA,NA,NA,0,0,0,0,NA,NA,200,"Ind.",0,0,NA,NA,NA
"286","Marine Mammals 2007","Petersburg_2007","Petersburg","2007","Marine","Marine Mammals","Marine Mammals","Stellar Sea Lion","Stellar Sea Lion","Stellar Sea Lion","301200000","Steller Sea Lion",NA,NA,NA,NA,NA,0,0,0,0,NA,NA,200,"Ind.",0,0,NA,NA,NA
"287","Marine Mammals 2008","Petersburg_2008","Petersburg","2008","Marine","Marine Mammals","Marine Mammals","Stellar Sea Lion","Stellar Sea Lion","Stellar Sea Lion","301200000","Steller Sea Lion",NA,NA,NA,NA,NA,0,0,0,0,NA,NA,200,"Ind.",0,0,NA,NA,NA
"288","Marine Mammals 1995","Saxman_1995","Saxman","1995","Marine","Marine Mammals","Marine Mammals","Seal","Seal","Harbor Seal","300806000","Harbor Seal",NA,NA,NA,NA,NA,1106,1352,958,1745,NA,NA,56,"Ind.",13,16,NA,NA,NA
"289","Marine Mammals 1996","Saxman_1996","Saxman","1996","Marine","Marine Mammals","Marine Mammals","Seal","Seal","Harbor Seal","300806000","Harbor Seal",NA,NA,NA,NA,NA,252,410,-88,907,NA,NA,56,"Ind.",3,5,NA,NA,NA
"290","Marine Mammals 1997","Saxman_1997","Saxman","1997","Marine","Marine Mammals","Marine Mammals","Seal","Seal","Harbor Seal","300806000","Harbor Seal",NA,NA,NA,NA,NA,962.5,963,963,963,NA,NA,56,"Ind.",11,11,NA,NA,NA
"291","Marine Mammals 1998","Saxman_1998","Saxman","1998","Marine","Marine Mammals","Marine Mammals","Seal","Seal","Harbor Seal","300806000","Harbor Seal",NA,NA,NA,NA,NA,1172.5,1642,673,2610,NA,NA,56,"Ind.",14,20,NA,NA,NA
"292","Marine Mammals 2000","Saxman_2000","Saxman","2000","Marine","Marine Mammals","Marine Mammals","Seal","Seal","Harbor Seal","300806000","Harbor Seal",NA,NA,NA,NA,NA,2002,3804,2206,5402,NA,NA,56,"Ind.",24,46,NA,NA,NA
"293","Marine Mammals 2001","Saxman_2001","Saxman","2001","Marine","Marine Mammals","Marine Mammals","Seal","Seal","Harbor Seal","300806000","Harbor Seal",NA,NA,NA,NA,NA,931,1095,343,1848,NA,NA,56,"Ind.",11,13,NA,NA,NA
"294","Marine Mammals 2002","Saxman_2002","Saxman","2002","Marine","Marine Mammals","Marine Mammals","Seal","Seal","Harbor Seal","300806000","Harbor Seal",NA,NA,NA,NA,NA,1435,2152,NA,NA,NA,NA,56,"Ind.",17,26,NA,NA,NA
"295","Marine Mammals 2003","Saxman_2003","Saxman","2003","Marine","Marine Mammals","Marine Mammals","Seal","Seal","Harbor Seal","300806000","Harbor Seal",NA,NA,NA,NA,NA,700,1050,NA,NA,NA,NA,56,"Ind.",8,12,NA,NA,NA
"296","Marine Mammals 2004","Saxman_2004","Saxman","2004","Marine","Marine Mammals","Marine Mammals","Seal","Seal","Harbor Seal","300806000","Harbor Seal",NA,NA,NA,NA,NA,87.5,438,NA,NA,NA,NA,56,"Ind.",1,5,NA,NA,NA
"297","Marine Mammals 2005","Saxman_2005","Saxman","2005","Marine","Marine Mammals","Marine Mammals","Seal","Seal","Harbor Seal","300806000","Harbor Seal",NA,NA,NA,NA,NA,420,573,420,971,NA,NA,56,"Ind.",5,7,NA,NA,NA
"298","Marine Mammals 2006","Saxman_2006","Saxman","2006","Marine","Marine Mammals","Marine Mammals","Seal","Seal","Harbor Seal","300806000","Harbor Seal",NA,NA,NA,NA,NA,1234.1,1727,1234,2410,NA,NA,56,"Ind.",14.4,20,NA,NA,NA
"299","Marine Mammals 1995","Saxman_1995","Saxman","1995","Marine","Marine Mammals","Marine Mammals","Stellar Sea Lion","Stellar Sea Lion","Stellar Sea Lion","301200000","Steller Sea Lion",NA,NA,NA,NA,NA,0,0,0,0,NA,NA,200,"Ind.",0,0,NA,NA,NA
"300","Marine Mammals 1996","Saxman_1996","Saxman","1996","Marine","Marine Mammals","Marine Mammals","Stellar Sea Lion","Stellar Sea Lion","Stellar Sea Lion","301200000","Steller Sea Lion",NA,NA,NA,NA,NA,0,0,0,0,NA,NA,200,"Ind.",0,0,NA,NA,NA
"301","Marine Mammals 1997","Saxman_1997","Saxman","1997","Marine","Marine Mammals","Marine Mammals","Stellar Sea Lion","Stellar Sea Lion","Stellar Sea Lion","301200000","Steller Sea Lion",NA,NA,NA,NA,NA,0,0,0,0,NA,NA,200,"Ind.",0,0,NA,NA,NA
"302","Marine Mammals 1998","Saxman_1998","Saxman","1998","Marine","Marine Mammals","Marine Mammals","Stellar Sea Lion","Stellar Sea Lion","Stellar Sea Lion","301200000","Steller Sea Lion",NA,NA,NA,NA,NA,0,0,0,0,NA,NA,200,"Ind.",0,0,NA,NA,NA
"303","Marine Mammals 2000","Saxman_2000","Saxman","2000","Marine","Marine Mammals","Marine Mammals","Stellar Sea Lion","Stellar Sea Lion","Stellar Sea Lion","301200000","Steller Sea Lion",NA,NA,NA,NA,NA,0,0,0,0,NA,NA,200,"Ind.",0,0,NA,NA,NA
"304","Marine Mammals 2001","Saxman_2001","Saxman","2001","Marine","Marine Mammals","Marine Mammals","Stellar Sea Lion","Stellar Sea Lion","Stellar Sea Lion","301200000","Steller Sea Lion",NA,NA,NA,NA,NA,0,0,0,0,NA,NA,200,"Ind.",0,0,NA,NA,NA
"305","Marine Mammals 2002","Saxman_2002","Saxman","2002","Marine","Marine Mammals","Marine Mammals","Stellar Sea Lion","Stellar Sea Lion","Stellar Sea Lion","301200000","Steller Sea Lion",NA,NA,NA,NA,NA,0,0,NA,NA,NA,NA,200,"Ind.",0,0,NA,NA,NA
"306","Marine Mammals 2003","Saxman_2003","Saxman","2003","Marine","Marine Mammals","Marine Mammals","Stellar Sea Lion","Stellar Sea Lion","Stellar Sea Lion","301200000","Steller Sea Lion",NA,NA,NA,NA,NA,0,0,NA,NA,NA,NA,200,"Ind.",0,0,NA,NA,NA
"307","Marine Mammals 2004","Saxman_2004","Saxman","2004","Marine","Marine Mammals","Marine Mammals","Stellar Sea Lion","Stellar Sea Lion","Stellar Sea Lion","301200000","Steller Sea Lion",NA,NA,NA,NA,NA,0,0,NA,NA,NA,NA,200,"Ind.",0,0,NA,NA,NA
"308","Marine Mammals 2005","Saxman_2005","Saxman","2005","Marine","Marine Mammals","Marine Mammals","Stellar Sea Lion","Stellar Sea Lion","Stellar Sea Lion","301200000","Steller Sea Lion",NA,NA,NA,NA,NA,0,0,0,0,NA,NA,200,"Ind.",0,0,NA,NA,NA
"309","Marine Mammals 2006","Saxman_2006","Saxman","2006","Marine","Marine Mammals","Marine Mammals","Stellar Sea Lion","Stellar Sea Lion","Stellar Sea Lion","301200000","Steller Sea Lion",NA,NA,NA,NA,NA,0,0,0,0,NA,NA,200,"Ind.",0,0,NA,NA,NA
"310","Marine Mammals 2007","Saxman_2007","Saxman","2007","Marine","Marine Mammals","Marine Mammals","Stellar Sea Lion","Stellar Sea Lion","Stellar Sea Lion","301200000","Steller Sea Lion",NA,NA,NA,NA,NA,0,0,0,0,NA,NA,200,"Ind.",0,0,NA,NA,NA
"311","Marine Mammals 2008","Saxman_2008","Saxman","2008","Marine","Marine Mammals","Marine Mammals","Stellar Sea Lion","Stellar Sea Lion","Stellar Sea Lion","301200000","Steller Sea Lion",NA,NA,NA,NA,NA,0,0,0,0,NA,NA,200,"Ind.",0,0,NA,NA,NA
"312","Marine Mammals 1995","Sitka_1995","Sitka","1995","Marine","Marine Mammals","Marine Mammals","Seal","Seal","Harbor Seal","300806000","Harbor Seal",NA,NA,NA,NA,NA,NA,7963,7451,8474,NA,NA,56,"Ind.",NA,94,NA,NA,NA
"313","Marine Mammals 1996","Sitka_1996","Sitka","1996","Marine","Marine Mammals","Marine Mammals","Seal","Seal","Harbor Seal","300806000","Harbor Seal",NA,NA,NA,NA,NA,NA,10972,5368,16577,NA,NA,56,"Ind.",NA,127,NA,NA,NA
"314","Marine Mammals 1997","Sitka_1997","Sitka","1997","Marine","Marine Mammals","Marine Mammals","Seal","Seal","Harbor Seal","300806000","Harbor Seal",NA,NA,NA,NA,NA,10384.5,12820,11272,14369,NA,NA,56,"Ind.",122,151,NA,NA,NA
"315","Marine Mammals 1998","Sitka_1998","Sitka","1998","Marine","Marine Mammals","Marine Mammals","Seal","Seal","Harbor Seal","300806000","Harbor Seal",NA,NA,NA,NA,NA,18599,20268,17345,23191,NA,NA,56,"Ind.",218,238,NA,NA,NA
"316","Marine Mammals 2000","Sitka_2000","Sitka","2000","Marine","Marine Mammals","Marine Mammals","Seal","Seal","Harbor Seal","300806000","Harbor Seal",NA,NA,NA,NA,NA,21710.5,23471,22063,24879,NA,NA,56,"Ind.",256,277,NA,NA,NA
"317","Marine Mammals 2001","Sitka_2001","Sitka","2001","Marine","Marine Mammals","Marine Mammals","Seal","Seal","Harbor Seal","300806000","Harbor Seal",NA,NA,NA,NA,NA,10360,19997,11590,28405,NA,NA,56,"Ind.",125,241,NA,NA,NA
"318","Marine Mammals 2002","Sitka_2002","Sitka","2002","Marine","Marine Mammals","Marine Mammals","Seal","Seal","Harbor Seal","300806000","Harbor Seal",NA,NA,NA,NA,NA,9562,14232,NA,NA,NA,NA,56,"Ind.",114,170,NA,NA,NA
"319","Marine Mammals 2003","Sitka_2003","Sitka","2003","Marine","Marine Mammals","Marine Mammals","Seal","Seal","Harbor Seal","300806000","Harbor Seal",NA,NA,NA,NA,NA,14049,18212,NA,NA,NA,NA,56,"Ind.",170,220,NA,NA,NA
"320","Marine Mammals 2004","Sitka_2004","Sitka","2004","Marine","Marine Mammals","Marine Mammals","Seal","Seal","Harbor Seal","300806000","Harbor Seal",NA,NA,NA,NA,NA,11700.5,11883,NA,NA,NA,NA,56,"Ind.",139,141,NA,NA,NA
"321","Marine Mammals 2005","Sitka_2005","Sitka","2005","Marine","Marine Mammals","Marine Mammals","Seal","Seal","Harbor Seal","300806000","Harbor Seal",NA,NA,NA,NA,NA,1953,1953,1953,1953,NA,NA,56,"Ind.",23,23,NA,NA,NA
"322","Marine Mammals 2006","Sitka_2006","Sitka","2006","Marine","Marine Mammals","Marine Mammals","Seal","Seal","Harbor Seal","300806000","Harbor Seal",NA,NA,NA,NA,NA,11700.5,11883,11700,12943,NA,NA,56,"Ind.",139,141,NA,NA,NA
"323","Marine Mammals 1995","Sitka_1995","Sitka","1995","Marine","Marine Mammals","Marine Mammals","Stellar Sea Lion","Stellar Sea Lion","Stellar Sea Lion","301200000","Steller Sea Lion",NA,NA,NA,NA,NA,NA,0,0,0,NA,NA,200,"Ind.",NA,0,NA,NA,NA
"324","Marine Mammals 1996","Sitka_1996","Sitka","1996","Marine","Marine Mammals","Marine Mammals","Stellar Sea Lion","Stellar Sea Lion","Stellar Sea Lion","301200000","Steller Sea Lion",NA,NA,NA,NA,NA,NA,0,0,0,NA,NA,200,"Ind.",NA,0,NA,NA,NA
"325","Marine Mammals 1997","Sitka_1997","Sitka","1997","Marine","Marine Mammals","Marine Mammals","Stellar Sea Lion","Stellar Sea Lion","Stellar Sea Lion","301200000","Steller Sea Lion",NA,NA,NA,NA,NA,0,0,0,0,NA,NA,200,"Ind.",0,0,NA,NA,NA
"326","Marine Mammals 1998","Sitka_1998","Sitka","1998","Marine","Marine Mammals","Marine Mammals","Stellar Sea Lion","Stellar Sea Lion","Stellar Sea Lion","301200000","Steller Sea Lion",NA,NA,NA,NA,NA,600,654,381,927,NA,NA,200,"Ind.",3,3,NA,NA,NA
"327","Marine Mammals 2000","Sitka_2000","Sitka","2000","Marine","Marine Mammals","Marine Mammals","Stellar Sea Lion","Stellar Sea Lion","Stellar Sea Lion","301200000","Steller Sea Lion",NA,NA,NA,NA,NA,0,0,0,0,NA,NA,200,"Ind.",0,0,NA,NA,NA
"328","Marine Mammals 2001","Sitka_2001","Sitka","2001","Marine","Marine Mammals","Marine Mammals","Stellar Sea Lion","Stellar Sea Lion","Stellar Sea Lion","301200000","Steller Sea Lion",NA,NA,NA,NA,NA,0,0,0,0,NA,NA,200,"Ind.",0,0,NA,NA,NA
"329","Marine Mammals 2002","Sitka_2002","Sitka","2002","Marine","Marine Mammals","Marine Mammals","Stellar Sea Lion","Stellar Sea Lion","Stellar Sea Lion","301200000","Steller Sea Lion",NA,NA,NA,NA,NA,800,1191,NA,NA,NA,NA,200,"Ind.",4,6,NA,NA,NA
"330","Marine Mammals 2003","Sitka_2003","Sitka","2003","Marine","Marine Mammals","Marine Mammals","Stellar Sea Lion","Stellar Sea Lion","Stellar Sea Lion","301200000","Steller Sea Lion",NA,NA,NA,NA,NA,0,0,NA,NA,NA,NA,200,"Ind.",0,0,NA,NA,NA
"331","Marine Mammals 2004","Sitka_2004","Sitka","2004","Marine","Marine Mammals","Marine Mammals","Stellar Sea Lion","Stellar Sea Lion","Stellar Sea Lion","301200000","Steller Sea Lion",NA,NA,NA,NA,NA,0,0,NA,NA,NA,NA,200,"Ind.",0,0,NA,NA,NA
"332","Marine Mammals 2005","Sitka_2005","Sitka","2005","Marine","Marine Mammals","Marine Mammals","Stellar Sea Lion","Stellar Sea Lion","Stellar Sea Lion","301200000","Steller Sea Lion",NA,NA,NA,NA,NA,0,0,0,0,NA,NA,200,"Ind.",0,0,NA,NA,NA
"333","Marine Mammals 2006","Sitka_2006","Sitka","2006","Marine","Marine Mammals","Marine Mammals","Stellar Sea Lion","Stellar Sea Lion","Stellar Sea Lion","301200000","Steller Sea Lion",NA,NA,NA,NA,NA,0,0,0,0,NA,NA,200,"Ind.",0,0,NA,NA,NA
"334","Marine Mammals 2007","Sitka_2007","Sitka","2007","Marine","Marine Mammals","Marine Mammals","Stellar Sea Lion","Stellar Sea Lion","Stellar Sea Lion","301200000","Steller Sea Lion",NA,NA,NA,NA,NA,0,0,0,0,NA,NA,200,"Ind.",0,0,NA,NA,NA
"335","Marine Mammals 2008","Sitka_2008","Sitka","2008","Marine","Marine Mammals","Marine Mammals","Stellar Sea Lion","Stellar Sea Lion","Stellar Sea Lion","301200000","Steller Sea Lion",NA,NA,NA,NA,NA,0,0,0,0,NA,NA,200,"Ind.",0,0,NA,NA,NA
"336","Marine Mammals 1995","Wrangell_1995","Wrangell","1995","Marine","Marine Mammals","Marine Mammals","Seal","Seal","Harbor Seal","300806000","Harbor Seal",NA,NA,NA,NA,NA,4228,7399,1433,13365,NA,NA,56,"Ind.",51,89,NA,NA,NA
"337","Marine Mammals 1996","Wrangell_1996","Wrangell","1996","Marine","Marine Mammals","Marine Mammals","Seal","Seal","Harbor Seal","300806000","Harbor Seal",NA,NA,NA,NA,NA,5561.5,6488,2751,10226,NA,NA,56,"Ind.",68,79,NA,NA,NA
"338","Marine Mammals 1997","Wrangell_1997","Wrangell","1997","Marine","Marine Mammals","Marine Mammals","Seal","Seal","Harbor Seal","300806000","Harbor Seal",NA,NA,NA,NA,NA,4879,5692,1807,9577,NA,NA,56,"Ind.",59,69,NA,NA,NA
"339","Marine Mammals 1998","Wrangell_1998","Wrangell","1998","Marine","Marine Mammals","Marine Mammals","Seal","Seal","Harbor Seal","300806000","Harbor Seal",NA,NA,NA,NA,NA,14318.5,14319,14319,14319,NA,NA,56,"Ind.",174,174,NA,NA,NA
"340","Marine Mammals 2000","Wrangell_2000","Wrangell","2000","Marine","Marine Mammals","Marine Mammals","Seal","Seal","Harbor Seal","300806000","Harbor Seal",NA,NA,NA,NA,NA,1557.5,2336,147,4525,NA,NA,56,"Ind.",19,29,NA,NA,NA
"341","Marine Mammals 2001","Wrangell_2001","Wrangell","2001","Marine","Marine Mammals","Marine Mammals","Seal","Seal","Harbor Seal","300806000","Harbor Seal",NA,NA,NA,NA,NA,1295,1295,1295,1295,NA,NA,56,"Ind.",16,16,NA,NA,NA
"342","Marine Mammals 2002","Wrangell_2002","Wrangell","2002","Marine","Marine Mammals","Marine Mammals","Seal","Seal","Harbor Seal","300806000","Harbor Seal",NA,NA,NA,NA,NA,1673,1673,NA,NA,NA,NA,56,"Ind.",20,20,NA,NA,NA
"343","Marine Mammals 2003","Wrangell_2003","Wrangell","2003","Marine","Marine Mammals","Marine Mammals","Seal","Seal","Harbor Seal","300806000","Harbor Seal",NA,NA,NA,NA,NA,4301.5,5735,NA,NA,NA,NA,56,"Ind.",51,68,NA,NA,NA
"344","Marine Mammals 2004","Wrangell_2004","Wrangell","2004","Marine","Marine Mammals","Marine Mammals","Seal","Seal","Harbor Seal","300806000","Harbor Seal",NA,NA,NA,NA,NA,1680,2800,NA,NA,NA,NA,56,"Ind.",20,33,NA,NA,NA
"345","Marine Mammals 2005","Wrangell_2005","Wrangell","2005","Marine","Marine Mammals","Marine Mammals","Seal","Seal","Harbor Seal","300806000","Harbor Seal",NA,NA,NA,NA,NA,1680,2800,1680,5524,NA,NA,56,"Ind.",20,33,NA,NA,NA
"346","Marine Mammals 2006","Wrangell_2006","Wrangell","2006","Marine","Marine Mammals","Marine Mammals","Seal","Seal","Harbor Seal","300806000","Harbor Seal",NA,NA,NA,NA,NA,1680,2800,1680,5524,NA,NA,56,"Ind.",20,33,NA,NA,NA
"347","Marine Mammals 1995","Wrangell_1995","Wrangell","1995","Marine","Marine Mammals","Marine Mammals","Stellar Sea Lion","Stellar Sea Lion","Stellar Sea Lion","301200000","Steller Sea Lion",NA,NA,NA,NA,NA,0,0,0,0,NA,NA,200,"Ind.",0,0,NA,NA,NA
"348","Marine Mammals 1996","Wrangell_1996","Wrangell","1996","Marine","Marine Mammals","Marine Mammals","Stellar Sea Lion","Stellar Sea Lion","Stellar Sea Lion","301200000","Steller Sea Lion",NA,NA,NA,NA,NA,0,0,0,0,NA,NA,200,"Ind.",0,0,NA,NA,NA
"349","Marine Mammals 1997","Wrangell_1997","Wrangell","1997","Marine","Marine Mammals","Marine Mammals","Stellar Sea Lion","Stellar Sea Lion","Stellar Sea Lion","301200000","Steller Sea Lion",NA,NA,NA,NA,NA,0,0,0,0,NA,NA,200,"Ind.",0,0,NA,NA,NA
"350","Marine Mammals 1998","Wrangell_1998","Wrangell","1998","Marine","Marine Mammals","Marine Mammals","Stellar Sea Lion","Stellar Sea Lion","Stellar Sea Lion","301200000","Steller Sea Lion",NA,NA,NA,NA,NA,0,0,0,0,NA,NA,200,"Ind.",0,0,NA,NA,NA
"351","Marine Mammals 2000","Wrangell_2000","Wrangell","2000","Marine","Marine Mammals","Marine Mammals","Stellar Sea Lion","Stellar Sea Lion","Stellar Sea Lion","301200000","Steller Sea Lion",NA,NA,NA,NA,NA,0,0,0,0,NA,NA,200,"Ind.",0,0,NA,NA,NA
"352","Marine Mammals 2001","Wrangell_2001","Wrangell","2001","Marine","Marine Mammals","Marine Mammals","Stellar Sea Lion","Stellar Sea Lion","Stellar Sea Lion","301200000","Steller Sea Lion",NA,NA,NA,NA,NA,0,0,0,0,NA,NA,200,"Ind.",0,0,NA,NA,NA
"353","Marine Mammals 2002","Wrangell_2002","Wrangell","2002","Marine","Marine Mammals","Marine Mammals","Stellar Sea Lion","Stellar Sea Lion","Stellar Sea Lion","301200000","Steller Sea Lion",NA,NA,NA,NA,NA,0,0,NA,NA,NA,NA,200,"Ind.",0,0,NA,NA,NA
"354","Marine Mammals 2003","Wrangell_2003","Wrangell","2003","Marine","Marine Mammals","Marine Mammals","Stellar Sea Lion","Stellar Sea Lion","Stellar Sea Lion","301200000","Steller Sea Lion",NA,NA,NA,NA,NA,0,0,NA,NA,NA,NA,200,"Ind.",0,0,NA,NA,NA
"355","Marine Mammals 2004","Wrangell_2004","Wrangell","2004","Marine","Marine Mammals","Marine Mammals","Stellar Sea Lion","Stellar Sea Lion","Stellar Sea Lion","301200000","Steller Sea Lion",NA,NA,NA,NA,NA,0,0,NA,NA,NA,NA,200,"Ind.",0,0,NA,NA,NA
"356","Marine Mammals 2005","Wrangell_2005","Wrangell","2005","Marine","Marine Mammals","Marine Mammals","Stellar Sea Lion","Stellar Sea Lion","Stellar Sea Lion","301200000","Steller Sea Lion",NA,NA,NA,NA,NA,0,0,0,0,NA,NA,200,"Ind.",0,0,NA,NA,NA
"357","Marine Mammals 2006","Wrangell_2006","Wrangell","2006","Marine","Marine Mammals","Marine Mammals","Stellar Sea Lion","Stellar Sea Lion","Stellar Sea Lion","301200000","Steller Sea Lion",NA,NA,NA,NA,NA,0,0,0,0,NA,NA,200,"Ind.",0,0,NA,NA,NA
"358","Marine Mammals 2007","Wrangell_2007","Wrangell","2007","Marine","Marine Mammals","Marine Mammals","Stellar Sea Lion","Stellar Sea Lion","Stellar Sea Lion","301200000","Steller Sea Lion",NA,NA,NA,NA,NA,0,0,0,0,NA,NA,200,"Ind.",0,0,NA,NA,NA
"359","Marine Mammals 1995","Yakutat_1995","Yakutat","1995","Marine","Marine Mammals","Marine Mammals","Seal","Seal","Harbor Seal","300806000","Harbor Seal",NA,NA,NA,NA,NA,43414,50804,39901,61706,NA,NA,56,"Ind.",526,616,NA,NA,NA
"360","Marine Mammals 1996","Yakutat_1996","Yakutat","1996","Marine","Marine Mammals","Marine Mammals","Seal","Seal","Harbor Seal","300806000","Harbor Seal",NA,NA,NA,NA,NA,51058,52819,47843,57794,NA,NA,56,"Ind.",619,640,NA,NA,NA
"361","Marine Mammals 1997","Yakutat_1997","Yakutat","1997","Marine","Marine Mammals","Marine Mammals","Seal","Seal","Harbor Seal","300806000","Harbor Seal",NA,NA,NA,NA,NA,33421.5,40663,32879,48447,NA,NA,56,"Ind.",404,492,NA,NA,NA
"362","Marine Mammals 1998","Yakutat_1998","Yakutat","1998","Marine","Marine Mammals","Marine Mammals","Seal","Seal","Harbor Seal","300806000","Harbor Seal",NA,NA,NA,NA,NA,22634.5,24049,21809,26289,NA,NA,56,"Ind.",272,289,NA,NA,NA
"363","Marine Mammals 2000","Yakutat_2000","Yakutat","2000","Marine","Marine Mammals","Marine Mammals","Seal","Seal","Harbor Seal","300806000","Harbor Seal",NA,NA,NA,NA,NA,12827.5,16203,13351,19055,NA,NA,56,"Ind.",153,193,NA,NA,NA
"364","Marine Mammals 2001","Yakutat_2001","Yakutat","2001","Marine","Marine Mammals","Marine Mammals","Seal","Seal","Harbor Seal","300806000","Harbor Seal",NA,NA,NA,NA,NA,14878.5,17358,14747,19970,NA,NA,56,"Ind.",179,209,NA,NA,NA
"365","Marine Mammals 2002","Yakutat_2002","Yakutat","2002","Marine","Marine Mammals","Marine Mammals","Seal","Seal","Harbor Seal","300806000","Harbor Seal",NA,NA,NA,NA,NA,6828.5,9294,NA,NA,NA,NA,56,"Ind.",81,110,NA,NA,NA
"366","Marine Mammals 2003","Yakutat_2003","Yakutat","2003","Marine","Marine Mammals","Marine Mammals","Seal","Seal","Harbor Seal","300806000","Harbor Seal",NA,NA,NA,NA,NA,18011,21086,NA,NA,NA,NA,56,"Ind.",215,252,NA,NA,NA
"367","Marine Mammals 2004","Yakutat_2004","Yakutat","2004","Marine","Marine Mammals","Marine Mammals","Seal","Seal","Harbor Seal","300806000","Harbor Seal",NA,NA,NA,NA,NA,10101,12432,NA,NA,NA,NA,56,"Ind.",120,148,NA,NA,NA
"368","Marine Mammals 2005","Yakutat_2005","Yakutat","2005","Marine","Marine Mammals","Marine Mammals","Seal","Seal","Harbor Seal","300806000","Harbor Seal",NA,NA,NA,NA,NA,11175.5,11695,11176,14241,NA,NA,56,"Ind.",134,140,NA,NA,NA
"369","Marine Mammals 2006","Yakutat_2006","Yakutat","2006","Marine","Marine Mammals","Marine Mammals","Seal","Seal","Harbor Seal","300806000","Harbor Seal",NA,NA,NA,NA,NA,10367,11662,10367,14418,NA,NA,56,"Ind.",122,137,NA,NA,NA
"370","Marine Mammals 1995","Yakutat_1995","Yakutat","1995","Marine","Marine Mammals","Marine Mammals","Stellar Sea Lion","Stellar Sea Lion","Stellar Sea Lion","301200000","Steller Sea Lion",NA,NA,NA,NA,NA,0,0,0,0,NA,NA,200,"Ind.",0,0,NA,NA,NA
"371","Marine Mammals 1996","Yakutat_1996","Yakutat","1996","Marine","Marine Mammals","Marine Mammals","Stellar Sea Lion","Stellar Sea Lion","Stellar Sea Lion","301200000","Steller Sea Lion",NA,NA,NA,NA,NA,0,0,0,0,NA,NA,200,"Ind.",0,0,NA,NA,NA
"372","Marine Mammals 1997","Yakutat_1997","Yakutat","1997","Marine","Marine Mammals","Marine Mammals","Stellar Sea Lion","Stellar Sea Lion","Stellar Sea Lion","301200000","Steller Sea Lion",NA,NA,NA,NA,NA,0,0,0,0,NA,NA,200,"Ind.",0,0,NA,NA,NA
"373","Marine Mammals 1998","Yakutat_1998","Yakutat","1998","Marine","Marine Mammals","Marine Mammals","Stellar Sea Lion","Stellar Sea Lion","Stellar Sea Lion","301200000","Steller Sea Lion",NA,NA,NA,NA,NA,0,0,0,0,NA,NA,200,"Ind.",0,0,NA,NA,NA
"374","Marine Mammals 2000","Yakutat_2000","Yakutat","2000","Marine","Marine Mammals","Marine Mammals","Stellar Sea Lion","Stellar Sea Lion","Stellar Sea Lion","301200000","Steller Sea Lion",NA,NA,NA,NA,NA,0,0,0,0,NA,NA,200,"Ind.",0,0,NA,NA,NA
"375","Marine Mammals 2001","Yakutat_2001","Yakutat","2001","Marine","Marine Mammals","Marine Mammals","Stellar Sea Lion","Stellar Sea Lion","Stellar Sea Lion","301200000","Steller Sea Lion",NA,NA,NA,NA,NA,0,0,0,0,NA,NA,200,"Ind.",0,0,NA,NA,NA
"376","Marine Mammals 2002","Yakutat_2002","Yakutat","2002","Marine","Marine Mammals","Marine Mammals","Stellar Sea Lion","Stellar Sea Lion","Stellar Sea Lion","301200000","Steller Sea Lion",NA,NA,NA,NA,NA,0,0,NA,NA,NA,NA,200,"Ind.",0,0,NA,NA,NA
"377","Marine Mammals 2003","Yakutat_2003","Yakutat","2003","Marine","Marine Mammals","Marine Mammals","Stellar Sea Lion","Stellar Sea Lion","Stellar Sea Lion","301200000","Steller Sea Lion",NA,NA,NA,NA,NA,0,0,NA,NA,NA,NA,200,"Ind.",0,0,NA,NA,NA
"378","Marine Mammals 2004","Yakutat_2004","Yakutat","2004","Marine","Marine Mammals","Marine Mammals","Stellar Sea Lion","Stellar Sea Lion","Stellar Sea Lion","301200000","Steller Sea Lion",NA,NA,NA,NA,NA,0,0,NA,NA,NA,NA,200,"Ind.",0,0,NA,NA,NA
"379","Marine Mammals 2005","Yakutat_2005","Yakutat","2005","Marine","Marine Mammals","Marine Mammals","Stellar Sea Lion","Stellar Sea Lion","Stellar Sea Lion","301200000","Steller Sea Lion",NA,NA,NA,NA,NA,0,0,0,0,NA,NA,200,"Ind.",0,0,NA,NA,NA
"380","Marine Mammals 2006","Yakutat_2006","Yakutat","2006","Marine","Marine Mammals","Marine Mammals","Stellar Sea Lion","Stellar Sea Lion","Stellar Sea Lion","301200000","Steller Sea Lion",NA,NA,NA,NA,NA,0,0,0,0,NA,NA,200,"Ind.",0,0,NA,NA,NA
"381","Marine Mammals 2007","Yakutat_2007","Yakutat","2007","Marine","Marine Mammals","Marine Mammals","Stellar Sea Lion","Stellar Sea Lion","Stellar Sea Lion","301200000","Steller Sea Lion",NA,NA,NA,NA,NA,0,0,0,0,NA,NA,200,"Ind.",0,0,NA,NA,NA
"382","Marine Mammals 2008","Yakutat_2008","Yakutat","2008","Marine","Marine Mammals","Marine Mammals","Stellar Sea Lion","Stellar Sea Lion","Stellar Sea Lion","301200000","Steller Sea Lion",NA,NA,NA,NA,NA,0,0,0,0,NA,NA,200,"Ind.",0,0,NA,NA,NA
